id_prestamo,monto_otorgado,plazo_meses,tasa_interes_otorgada,comision_apertura,score_riesgo_interno,resultado_originacion,estado_final_prestamo,costo_fondeo_promedio,tasa_interes_competencia,ingreso_mensual_cliente
PP-2025-000001,9001.0,36,0.237,257.97,713,no_desembolsado,no_desembolsado,0.0757,0.2451,2251.46
PP-2025-000002,5260.0,24,0.1759,101.45,705,desembolsado,pagado,0.073,0.1927,6965.76
PP-2025-000003,10931.0,24,0.2441,220.66,601,desembolsado,default,0.0677,0.2264,3335.42
PP-2025-000004,6828.0,12,0.1981,147.0,687,desembolsado,pagado,0.0684,0.2216,8571.56
PP-2025-000005,33204.0,24,0.2832,964.99,643,desembolsado,pagado,0.0739,0.2785,3219.18
PP-2025-000006,25041.0,12,0.2338,504.57,727,no_desembolsado,no_desembolsado,0.0743,0.2383,2104.65
PP-2025-000007,21747.0,12,0.1746,329.09,747,no_desembolsado,no_desembolsado,0.069,0.1976,2251.73
PP-2025-000008,47655.0,36,0.1988,710.17,658,no_desembolsado,no_desembolsado,0.0684,0.2073,2408.39
PP-2025-000009,10008.0,48,0.1732,201.84,835,desembolsado,pagado,0.0672,0.175,2839.97
PP-2025-000010,19214.0,36,0.2739,212.3,484,no_desembolsado,no_desembolsado,0.0701,0.2894,3224.43
PP-2025-000011,5467.0,12,0.1607,128.14,795,no_desembolsado,no_desembolsado,0.0695,0.1819,2920.99
PP-2025-000012,20269.0,24,0.2139,256.15,678,no_desembolsado,no_desembolsado,0.0711,0.2037,3837.39
PP-2025-000013,32502.0,24,0.2212,793.46,674,desembolsado,pagado,0.0753,0.2318,2998.5
PP-2025-000014,6062.0,24,0.1786,84.21,706,desembolsado,pagado,0.0703,0.185,5466.54
PP-2025-000015,5853.0,24,0.2147,78.9,716,no_desembolsado,no_desembolsado,0.0734,0.2149,4666.67
PP-2025-000016,25923.0,24,0.2323,598.68,681,no_desembolsado,no_desembolsado,0.0712,0.2186,2415.39
PP-2025-000017,42368.0,24,0.232,594.47,638,no_desembolsado,no_desembolsado,0.0687,0.2496,3293.67
PP-2025-000018,7321.0,36,0.2347,142.78,647,desembolsado,pagado,0.0643,0.2678,2153.97
PP-2025-000019,7948.0,12,0.2323,196.1,671,desembolsado,pagado,0.0658,0.2191,8489.8
PP-2025-000020,29951.0,36,0.2026,668.98,741,desembolsado,pagado,0.0749,0.2106,2834.34
PP-2025-000021,11551.0,24,0.2445,131.18,675,desembolsado,pagado,0.0793,0.2476,5889.7
PP-2025-000022,12466.0,24,0.2677,154.97,630,desembolsado,pagado,0.0734,0.2752,3740.86
PP-2025-000023,26893.0,24,0.2112,523.16,699,no_desembolsado,no_desembolsado,0.0683,0.1933,4905.78
PP-2025-000024,30027.0,24,0.2546,698.57,612,no_desembolsado,no_desembolsado,0.0633,0.2537,3299.89
PP-2025-000025,19138.0,48,0.312,228.38,626,no_desembolsado,no_desembolsado,0.0653,0.3249,4264.08
PP-2025-000026,10574.0,24,0.1448,228.31,693,desembolsado,pagado,0.0738,0.1745,3323.02
PP-2025-000027,11438.0,24,0.3508,223.14,464,no_desembolsado,no_desembolsado,0.0659,0.3695,5499.01
PP-2025-000028,11815.0,48,0.2348,230.63,642,desembolsado,pagado,0.0683,0.2392,10503.75
PP-2025-000029,14842.0,36,0.1595,267.98,801,desembolsado,pagado,0.0786,0.1739,7159.94
PP-2025-000030,26455.0,12,0.2166,671.42,691,no_desembolsado,no_desembolsado,0.072,0.2374,4191.39
PP-2025-000031,9266.0,12,0.2756,217.36,576,no_desembolsado,no_desembolsado,0.0688,0.2916,5127.05
PP-2025-000032,9393.0,12,0.2012,247.1,704,desembolsado,pagado,0.0643,0.1985,7042.91
PP-2025-000033,6163.0,12,0.2451,188.39,736,no_desembolsado,no_desembolsado,0.062,0.2544,1467.82
PP-2025-000034,8455.0,24,0.2217,225.58,730,desembolsado,pagado,0.0602,0.2258,8811.22
PP-2025-000035,8193.0,24,0.2554,125.69,581,desembolsado,pagado,0.0709,0.2488,1958.28
PP-2025-000036,13115.0,36,0.176,288.06,659,desembolsado,pagado,0.0665,0.1739,3004.91
PP-2025-000037,13862.0,48,0.2646,318.29,638,no_desembolsado,no_desembolsado,0.0649,0.2709,4767.07
PP-2025-000038,12410.0,12,0.2547,239.03,741,no_desembolsado,no_desembolsado,0.066,0.2508,2474.22
PP-2025-000039,36579.0,12,0.1876,1030.44,678,no_desembolsado,no_desembolsado,0.0737,0.1889,2459.11
PP-2025-000040,12133.0,12,0.1798,372.26,657,no_desembolsado,no_desembolsado,0.0651,0.187,5206.35
PP-2025-000041,11892.0,24,0.2606,368.53,695,desembolsado,pagado,0.0656,0.2507,4569.88
PP-2025-000042,5509.0,48,0.3036,178.42,472,no_desembolsado,no_desembolsado,0.0718,0.3175,3140.24
PP-2025-000043,11796.0,48,0.1804,186.87,690,desembolsado,pagado,0.0686,0.1776,3386.18
PP-2025-000044,13697.0,48,0.1793,303.51,759,desembolsado,pagado,0.0618,0.1647,2509.8
PP-2025-000045,34027.0,24,0.1672,373.44,828,no_desembolsado,no_desembolsado,0.0702,0.1896,2928.14
PP-2025-000046,13490.0,24,0.1858,285.47,655,no_desembolsado,no_desembolsado,0.0703,0.1948,1735.69
PP-2025-000047,7930.0,24,0.2492,94.43,653,desembolsado,default,0.06,0.2422,1261.88
PP-2025-000048,11127.0,48,0.2993,339.96,589,no_desembolsado,no_desembolsado,0.0639,0.2896,6732.97
PP-2025-000049,5581.0,24,0.1477,109.33,771,desembolsado,pagado,0.0675,0.1407,8057.19
PP-2025-000050,5162.0,12,0.2039,116.63,697,no_desembolsado,no_desembolsado,0.061,0.2074,4297.67
PP-2025-000051,27597.0,36,0.2816,673.76,601,no_desembolsado,no_desembolsado,0.0714,0.2971,2210.89
PP-2025-000052,20647.0,24,0.3528,261.13,524,no_desembolsado,no_desembolsado,0.0778,0.3525,5772.97
PP-2025-000053,13728.0,36,0.1825,355.24,758,desembolsado,pagado,0.0771,0.1868,8075.27
PP-2025-000054,11770.0,24,0.1454,283.73,752,desembolsado,pagado,0.0771,0.148,5131.02
PP-2025-000055,5390.0,24,0.2232,128.68,641,desembolsado,default,0.0651,0.2418,4407.48
PP-2025-000056,9761.0,36,0.2385,203.36,607,desembolsado,pagado,0.0705,0.2493,4300.71
PP-2025-000057,6649.0,24,0.2361,200.18,650,desembolsado,pagado,0.074,0.2399,3497.87
PP-2025-000058,19275.0,48,0.2339,520.28,664,desembolsado,default,0.0681,0.2259,4532.41
PP-2025-000059,25476.0,12,0.1726,756.96,666,no_desembolsado,no_desembolsado,0.0715,0.1812,3085.88
PP-2025-000060,11936.0,12,0.1994,330.83,653,desembolsado,pagado,0.0721,0.2035,4455.78
PP-2025-000061,5431.0,24,0.2232,119.15,637,desembolsado,pagado,0.0703,0.2192,2456.08
PP-2025-000062,11737.0,36,0.2084,311.76,658,desembolsado,pagado,0.0742,0.2236,3740.73
PP-2025-000063,9016.0,12,0.1963,127.49,677,desembolsado,pagado,0.0666,0.2054,2100.13
PP-2025-000064,44092.0,12,0.1886,1018.91,679,no_desembolsado,no_desembolsado,0.0652,0.2156,5720.31
PP-2025-000065,35372.0,36,0.1532,750.66,850,no_desembolsado,no_desembolsado,0.0735,0.1622,4213.95
PP-2025-000066,8642.0,12,0.2739,261.66,618,desembolsado,pagado,0.0711,0.3029,6262.79
PP-2025-000067,28099.0,24,0.1995,466.29,702,no_desembolsado,no_desembolsado,0.0696,0.2114,2065.64
PP-2025-000068,16567.0,36,0.1458,331.65,783,desembolsado,pagado,0.0765,0.1461,3711.43
PP-2025-000069,12699.0,24,0.2587,193.97,631,no_desembolsado,no_desembolsado,0.0699,0.267,1200.0
PP-2025-000070,29330.0,12,0.251,505.36,640,desembolsado,pagado,0.068,0.2473,5290.7
PP-2025-000071,12597.0,12,0.1798,376.8,788,no_desembolsado,no_desembolsado,0.0723,0.183,2186.37
PP-2025-000072,11308.0,12,0.2718,290.33,597,no_desembolsado,no_desembolsado,0.0751,0.2794,1716.35
PP-2025-000073,15275.0,48,0.1984,360.74,721,no_desembolsado,no_desembolsado,0.0719,0.1943,2574.71
PP-2025-000074,13124.0,36,0.2312,346.4,696,desembolsado,pagado,0.071,0.2343,4201.77
PP-2025-000075,11065.0,24,0.1822,198.3,733,desembolsado,pagado,0.0753,0.1845,2225.41
PP-2025-000076,9164.0,24,0.2013,111.25,662,desembolsado,pagado,0.0726,0.2082,3616.57
PP-2025-000077,31300.0,36,0.1729,622.61,823,no_desembolsado,no_desembolsado,0.0686,0.1672,4225.81
PP-2025-000078,5676.0,48,0.2377,75.4,689,no_desembolsado,no_desembolsado,0.0814,0.237,4010.01
PP-2025-000079,15836.0,36,0.1772,432.85,736,desembolsado,pagado,0.068,0.1756,4018.93
PP-2025-000080,16183.0,24,0.1679,269.38,797,desembolsado,pagado,0.0674,0.1658,6668.08
PP-2025-000081,11401.0,36,0.2148,263.7,748,desembolsado,pagado,0.0644,0.2223,7018.22
PP-2025-000082,10775.0,24,0.1932,253.79,716,no_desembolsado,no_desembolsado,0.0614,0.2008,1940.83
PP-2025-000083,5260.0,36,0.1502,77.89,753,no_desembolsado,no_desembolsado,0.0692,0.1509,3613.09
PP-2025-000084,18138.0,24,0.1985,490.68,702,desembolsado,pagado,0.0699,0.2,6380.28
PP-2025-000085,38564.0,24,0.1949,789.85,691,desembolsado,pagado,0.0704,0.2101,6217.77
PP-2025-000086,10385.0,12,0.2554,292.17,671,no_desembolsado,no_desembolsado,0.0708,0.2542,2833.01
PP-2025-000087,10930.0,48,0.2273,144.08,618,no_desembolsado,no_desembolsado,0.0718,0.2249,5399.48
PP-2025-000088,7806.0,12,0.2271,117.63,730,desembolsado,default,0.0711,0.2328,3379.85
PP-2025-000089,8225.0,24,0.1866,133.28,870,desembolsado,pagado,0.0702,0.1778,5569.42
PP-2025-000090,9071.0,36,0.2051,169.21,695,desembolsado,pagado,0.0684,0.2227,2908.7
PP-2025-000091,8493.0,24,0.2788,195.03,609,desembolsado,pagado,0.0652,0.2895,3113.64
PP-2025-000092,25400.0,36,0.1938,430.19,771,no_desembolsado,no_desembolsado,0.0708,0.1946,5219.72
PP-2025-000093,13011.0,36,0.1819,209.83,900,desembolsado,pagado,0.06,0.1795,4180.04
PP-2025-000094,36637.0,24,0.1816,630.24,676,desembolsado,pagado,0.06,0.1981,10097.13
PP-2025-000095,30014.0,24,0.2748,617.47,551,no_desembolsado,no_desembolsado,0.0627,0.2662,2812.88
PP-2025-000096,6765.0,24,0.1857,85.01,687,desembolsado,pagado,0.071,0.1931,3919.39
PP-2025-000097,12344.0,48,0.1602,213.5,687,no_desembolsado,no_desembolsado,0.0676,0.1768,1607.23
PP-2025-000098,7797.0,36,0.2681,136.24,600,desembolsado,pagado,0.0732,0.2845,1497.27
PP-2025-000099,19234.0,36,0.1467,295.28,787,desembolsado,pagado,0.0628,0.1577,2196.27
PP-2025-000100,26703.0,36,0.2297,431.76,583,no_desembolsado,no_desembolsado,0.0641,0.2313,6613.64
PP-2025-000101,14477.0,36,0.2515,193.86,615,no_desembolsado,no_desembolsado,0.0727,0.2583,6904.68
PP-2025-000102,13732.0,24,0.2266,198.17,714,desembolsado,pagado,0.074,0.241,4612.59
PP-2025-000103,17273.0,48,0.2218,351.32,630,no_desembolsado,no_desembolsado,0.0679,0.235,2745.39
PP-2025-000104,12229.0,12,0.2903,258.39,412,no_desembolsado,no_desembolsado,0.0752,0.3011,2688.61
PP-2025-000105,14221.0,48,0.3381,256.82,522,no_desembolsado,no_desembolsado,0.0646,0.3346,2078.18
PP-2025-000106,36429.0,12,0.2984,801.72,576,no_desembolsado,no_desembolsado,0.0716,0.3096,3938.96
PP-2025-000107,9213.0,12,0.1918,215.5,824,no_desembolsado,no_desembolsado,0.0775,0.1742,4239.94
PP-2025-000108,11413.0,12,0.1925,202.18,656,no_desembolsado,no_desembolsado,0.0706,0.198,1200.0
PP-2025-000109,10553.0,24,0.1721,323.21,801,no_desembolsado,no_desembolsado,0.06,0.1825,2115.48
PP-2025-000110,6918.0,24,0.2422,171.81,602,desembolsado,pagado,0.0688,0.2525,4810.03
PP-2025-000111,14840.0,12,0.1618,286.11,733,desembolsado,pagado,0.0696,0.168,4885.17
PP-2025-000112,9384.0,24,0.2845,171.22,649,desembolsado,pagado,0.0605,0.299,2811.75
PP-2025-000113,12421.0,24,0.2391,336.67,596,no_desembolsado,no_desembolsado,0.066,0.2486,2937.19
PP-2025-000114,10262.0,12,0.263,175.21,631,desembolsado,pagado,0.0769,0.2655,6134.87
PP-2025-000115,13725.0,24,0.2209,376.9,617,no_desembolsado,no_desembolsado,0.0693,0.22,9712.83
PP-2025-000116,17400.0,36,0.2364,248.61,732,desembolsado,pagado,0.0693,0.2425,2955.5
PP-2025-000117,8768.0,24,0.1723,241.71,663,no_desembolsado,no_desembolsado,0.0673,0.1729,2635.3
PP-2025-000118,8375.0,24,0.1946,145.78,692,no_desembolsado,no_desembolsado,0.07,0.1888,1988.74
PP-2025-000119,43198.0,24,0.1995,828.65,682,no_desembolsado,no_desembolsado,0.0623,0.1984,3014.02
PP-2025-000120,16401.0,36,0.1835,406.49,659,desembolsado,pagado,0.0673,0.1955,6046.96
PP-2025-000121,6921.0,24,0.3196,113.94,563,no_desembolsado,no_desembolsado,0.0641,0.3289,3989.8
PP-2025-000122,32302.0,24,0.1731,884.34,727,no_desembolsado,no_desembolsado,0.0607,0.1822,2420.29
PP-2025-000123,39706.0,24,0.2047,1180.32,665,no_desembolsado,no_desembolsado,0.0612,0.2254,2300.79
PP-2025-000124,8414.0,12,0.1363,149.58,774,desembolsado,pagado,0.0718,0.1421,4387.86
PP-2025-000125,11553.0,24,0.2175,258.02,726,desembolsado,pagado,0.0719,0.2072,2643.61
PP-2025-000126,6155.0,48,0.2101,167.11,746,desembolsado,pagado,0.0721,0.1908,2103.74
PP-2025-000127,43575.0,24,0.2274,1133.98,653,desembolsado,pagado,0.0684,0.2352,3284.41
PP-2025-000128,21708.0,24,0.25,325.31,736,no_desembolsado,no_desembolsado,0.071,0.2601,3614.23
PP-2025-000129,20963.0,24,0.2661,377.25,644,no_desembolsado,no_desembolsado,0.0603,0.2583,1633.87
PP-2025-000130,12048.0,12,0.2074,159.46,658,no_desembolsado,no_desembolsado,0.0702,0.2233,1941.43
PP-2025-000131,15341.0,24,0.2667,422.23,735,no_desembolsado,no_desembolsado,0.0756,0.2453,4465.37
PP-2025-000132,29795.0,12,0.2181,718.23,634,no_desembolsado,no_desembolsado,0.0637,0.2269,4369.8
PP-2025-000133,6312.0,24,0.1533,157.94,789,desembolsado,pagado,0.0688,0.1565,4737.22
PP-2025-000134,26702.0,24,0.2897,593.96,618,no_desembolsado,no_desembolsado,0.0733,0.3126,3149.09
PP-2025-000135,5509.0,12,0.1911,163.25,760,desembolsado,pagado,0.0633,0.1917,2053.42
PP-2025-000136,14963.0,24,0.2624,381.58,610,no_desembolsado,no_desembolsado,0.0733,0.2515,2177.29
PP-2025-000137,9925.0,36,0.1476,154.57,763,desembolsado,pagado,0.0764,0.1572,5912.62
PP-2025-000138,10885.0,24,0.2491,265.86,585,no_desembolsado,no_desembolsado,0.0646,0.2513,4072.28
PP-2025-000139,32878.0,48,0.2167,400.85,716,no_desembolsado,no_desembolsado,0.0684,0.2137,3336.92
PP-2025-000140,10070.0,12,0.1889,175.6,662,no_desembolsado,no_desembolsado,0.0695,0.1967,1200.0
PP-2025-000141,33225.0,36,0.2023,988.75,691,desembolsado,pagado,0.0632,0.2115,4548.86
PP-2025-000142,9356.0,36,0.2338,290.57,711,desembolsado,pagado,0.0668,0.2407,2821.71
PP-2025-000143,10430.0,24,0.1637,319.45,706,desembolsado,pagado,0.0696,0.176,3321.77
PP-2025-000144,22990.0,36,0.3206,319.27,587,desembolsado,default,0.0675,0.3125,4746.22
PP-2025-000145,7367.0,36,0.2324,226.49,600,no_desembolsado,no_desembolsado,0.0741,0.2449,1200.0
PP-2025-000146,14066.0,24,0.2468,315.0,736,desembolsado,pagado,0.066,0.2542,1561.93
PP-2025-000147,9120.0,48,0.2476,153.84,589,no_desembolsado,no_desembolsado,0.0689,0.2481,2990.26
PP-2025-000148,49888.0,24,0.1768,1197.89,678,no_desembolsado,no_desembolsado,0.0723,0.1913,2247.71
PP-2025-000149,19153.0,36,0.3124,470.91,632,no_desembolsado,no_desembolsado,0.0661,0.3075,2942.56
PP-2025-000150,12907.0,12,0.1619,203.9,788,desembolsado,pagado,0.0637,0.1811,5422.94
PP-2025-000151,8235.0,24,0.3128,231.05,480,no_desembolsado,no_desembolsado,0.0709,0.3079,3555.44
PP-2025-000152,5063.0,48,0.1482,101.36,819,desembolsado,pagado,0.069,0.1467,3525.58
PP-2025-000153,25892.0,36,0.1413,632.89,809,desembolsado,pagado,0.0696,0.138,2941.88
PP-2025-000154,10639.0,12,0.1832,149.64,717,no_desembolsado,no_desembolsado,0.0805,0.1816,1942.78
PP-2025-000155,29287.0,36,0.2543,782.17,688,no_desembolsado,no_desembolsado,0.0708,0.2491,1567.11
PP-2025-000156,14985.0,36,0.2198,276.02,624,no_desembolsado,no_desembolsado,0.0741,0.2314,3454.8
PP-2025-000157,14166.0,24,0.2564,271.01,669,no_desembolsado,no_desembolsado,0.063,0.2451,2480.06
PP-2025-000158,5766.0,48,0.2552,180.5,611,desembolsado,default,0.0782,0.2597,4380.78
PP-2025-000159,5573.0,24,0.2369,132.53,712,desembolsado,pagado,0.0679,0.2358,3303.87
PP-2025-000160,44537.0,12,0.2539,833.82,641,desembolsado,pagado,0.0738,0.2702,5574.29
PP-2025-000161,35217.0,24,0.2706,472.76,706,no_desembolsado,no_desembolsado,0.0713,0.2676,2545.18
PP-2025-000162,22291.0,24,0.1991,291.87,738,no_desembolsado,no_desembolsado,0.0781,0.2001,2802.74
PP-2025-000163,20115.0,24,0.2328,475.56,702,no_desembolsado,no_desembolsado,0.0717,0.2413,3720.52
PP-2025-000164,23665.0,24,0.203,542.57,656,desembolsado,pagado,0.0718,0.2013,3251.81
PP-2025-000165,14474.0,24,0.1419,329.09,792,desembolsado,default,0.0675,0.1455,2626.78
PP-2025-000166,17398.0,24,0.1944,411.67,812,desembolsado,pagado,0.0689,0.1949,4412.54
PP-2025-000167,7141.0,24,0.2088,228.32,691,desembolsado,pagado,0.0691,0.2192,5529.49
PP-2025-000168,22307.0,24,0.2621,270.6,585,no_desembolsado,no_desembolsado,0.0748,0.2524,1315.21
PP-2025-000169,15000.0,12,0.1855,177.52,755,no_desembolsado,no_desembolsado,0.0724,0.185,1981.08
PP-2025-000170,6097.0,24,0.1933,119.48,693,no_desembolsado,no_desembolsado,0.076,0.2007,3727.04
PP-2025-000171,33834.0,48,0.2258,502.61,709,no_desembolsado,no_desembolsado,0.0665,0.2269,3800.06
PP-2025-000172,12740.0,12,0.2927,244.45,601,no_desembolsado,no_desembolsado,0.0684,0.2909,3068.9
PP-2025-000173,18695.0,12,0.1962,514.94,713,no_desembolsado,no_desembolsado,0.071,0.2107,4150.77
PP-2025-000174,21505.0,24,0.3191,230.44,583,no_desembolsado,no_desembolsado,0.0786,0.3238,3640.0
PP-2025-000175,25781.0,24,0.2427,466.87,658,no_desembolsado,no_desembolsado,0.0692,0.2397,7399.78
PP-2025-000176,5241.0,48,0.2076,67.56,630,desembolsado,pagado,0.0656,0.227,1424.83
PP-2025-000177,6404.0,12,0.2322,153.18,618,desembolsado,pagado,0.0632,0.2393,4642.76
PP-2025-000178,14073.0,24,0.1513,419.04,758,desembolsado,pagado,0.0654,0.1618,1555.79
PP-2025-000179,11948.0,36,0.1769,196.97,765,desembolsado,pagado,0.061,0.1803,3323.67
PP-2025-000180,7753.0,12,0.1567,165.02,774,desembolsado,pagado,0.0701,0.1679,7430.89
PP-2025-000181,16908.0,12,0.2672,358.8,531,no_desembolsado,no_desembolsado,0.0695,0.2682,1787.9
PP-2025-000182,24312.0,12,0.1884,395.14,727,desembolsado,pagado,0.0662,0.2004,8084.6
PP-2025-000183,11403.0,12,0.2293,327.52,676,no_desembolsado,no_desembolsado,0.0742,0.2252,2400.05
PP-2025-000184,22963.0,48,0.3089,637.88,598,desembolsado,default,0.0693,0.3148,2075.45
PP-2025-000185,10010.0,36,0.2793,284.42,603,desembolsado,pagado,0.0749,0.282,12444.92
PP-2025-000186,9792.0,36,0.3743,114.88,559,no_desembolsado,no_desembolsado,0.0648,0.3739,3698.64
PP-2025-000187,10326.0,12,0.1878,179.52,794,desembolsado,pagado,0.0661,0.1912,2152.04
PP-2025-000188,6413.0,24,0.2842,122.47,643,no_desembolsado,no_desembolsado,0.0729,0.2793,6430.01
PP-2025-000189,17812.0,48,0.1936,389.15,766,no_desembolsado,no_desembolsado,0.0713,0.2002,2335.21
PP-2025-000190,24338.0,36,0.1432,303.07,768,desembolsado,pagado,0.0726,0.1411,2841.09
PP-2025-000191,35908.0,24,0.2236,719.43,728,no_desembolsado,no_desembolsado,0.0728,0.2342,2970.65
PP-2025-000192,16616.0,12,0.2374,236.62,621,no_desembolsado,no_desembolsado,0.0798,0.2386,2906.69
PP-2025-000193,13632.0,24,0.182,162.12,672,no_desembolsado,no_desembolsado,0.0708,0.1929,1200.0
PP-2025-000194,11824.0,36,0.2496,182.69,575,no_desembolsado,no_desembolsado,0.0681,0.2586,5219.18
PP-2025-000195,29136.0,36,0.2156,526.84,639,no_desembolsado,no_desembolsado,0.0685,0.2255,3761.99
PP-2025-000196,26842.0,24,0.3548,587.6,536,no_desembolsado,no_desembolsado,0.0723,0.3511,3857.41
PP-2025-000197,15500.0,36,0.1946,224.31,681,desembolsado,pagado,0.0645,0.1931,12466.01
PP-2025-000198,14259.0,36,0.2014,356.78,708,no_desembolsado,no_desembolsado,0.0713,0.2031,2002.66
PP-2025-000199,8619.0,36,0.1781,173.27,684,desembolsado,pagado,0.0611,0.1812,2033.48
PP-2025-000200,14207.0,48,0.2415,206.27,714,desembolsado,pagado,0.0719,0.2447,4290.97
PP-2025-000201,11540.0,24,0.1768,176.58,671,desembolsado,pagado,0.0627,0.1993,1763.42
PP-2025-000202,17245.0,12,0.2071,305.51,679,no_desembolsado,no_desembolsado,0.0695,0.2027,2586.01
PP-2025-000203,10984.0,24,0.1814,170.41,769,desembolsado,pagado,0.0622,0.1836,1880.83
PP-2025-000204,5397.0,36,0.1796,109.77,675,desembolsado,pagado,0.0758,0.1862,3905.62
PP-2025-000205,28180.0,24,0.2073,672.12,697,desembolsado,pagado,0.074,0.2176,3331.07
PP-2025-000206,26426.0,24,0.228,554.07,662,no_desembolsado,no_desembolsado,0.0683,0.2298,3663.66
PP-2025-000207,19425.0,36,0.2401,414.57,715,desembolsado,pagado,0.0667,0.2314,3855.36
PP-2025-000208,17042.0,36,0.2443,211.28,711,desembolsado,pagado,0.07,0.2438,1238.5
PP-2025-000209,9562.0,12,0.3497,221.98,533,no_desembolsado,no_desembolsado,0.0729,0.3457,1572.98
PP-2025-000210,29321.0,24,0.2493,659.47,671,no_desembolsado,no_desembolsado,0.0706,0.2556,3675.59
PP-2025-000211,10367.0,36,0.3592,160.53,521,no_desembolsado,no_desembolsado,0.06,0.3551,3292.2
PP-2025-000212,9082.0,48,0.2333,129.82,717,desembolsado,pagado,0.0715,0.2325,7634.82
PP-2025-000213,13802.0,36,0.2151,170.11,703,desembolsado,pagado,0.066,0.2044,2040.55
PP-2025-000214,5194.0,24,0.2617,143.75,587,no_desembolsado,no_desembolsado,0.0657,0.2814,10372.12
PP-2025-000215,9572.0,24,0.2477,275.06,742,desembolsado,default,0.0685,0.261,3943.37
PP-2025-000216,7684.0,24,0.3087,244.78,640,desembolsado,pagado,0.0669,0.3105,2555.43
PP-2025-000217,20900.0,24,0.1536,351.68,797,no_desembolsado,no_desembolsado,0.0676,0.1484,2453.28
PP-2025-000218,5374.0,24,0.1788,100.75,777,no_desembolsado,no_desembolsado,0.06,0.1966,2150.78
PP-2025-000219,7555.0,24,0.3021,212.54,598,no_desembolsado,no_desembolsado,0.0713,0.3156,1546.97
PP-2025-000220,5892.0,24,0.201,125.52,665,desembolsado,pagado,0.0794,0.2221,2945.36
PP-2025-000221,8157.0,36,0.3074,248.44,637,desembolsado,pagado,0.0736,0.302,2431.88
PP-2025-000222,49541.0,12,0.2558,1130.99,644,no_desembolsado,no_desembolsado,0.0656,0.2586,4770.18
PP-2025-000223,25645.0,12,0.2844,292.33,631,no_desembolsado,no_desembolsado,0.0717,0.2928,1823.67
PP-2025-000224,15773.0,24,0.139,255.65,761,desembolsado,pagado,0.0748,0.144,1899.19
PP-2025-000225,25400.0,48,0.3197,578.2,533,desembolsado,pagado,0.0773,0.3243,2634.05
PP-2025-000226,26770.0,12,0.1408,467.5,759,no_desembolsado,no_desembolsado,0.0678,0.1513,3451.36
PP-2025-000227,8713.0,24,0.1366,174.03,831,no_desembolsado,no_desembolsado,0.0661,0.1447,10806.62
PP-2025-000228,25888.0,12,0.2367,430.95,590,no_desembolsado,no_desembolsado,0.0733,0.238,1211.44
PP-2025-000229,10065.0,24,0.2395,274.19,659,desembolsado,pagado,0.0797,0.2458,3947.43
PP-2025-000230,17473.0,36,0.1811,531.87,689,no_desembolsado,no_desembolsado,0.075,0.1689,2674.61
PP-2025-000231,12000.0,12,0.2153,360.45,701,desembolsado,pagado,0.0658,0.2232,5782.38
PP-2025-000232,24570.0,24,0.1587,615.4,880,no_desembolsado,no_desembolsado,0.0708,0.1669,3025.8
PP-2025-000233,40583.0,36,0.2469,736.31,652,no_desembolsado,no_desembolsado,0.0616,0.2543,2847.06
PP-2025-000234,9681.0,24,0.1731,218.33,799,desembolsado,pagado,0.074,0.1935,7296.12
PP-2025-000235,27017.0,12,0.1998,369.89,730,desembolsado,pagado,0.0626,0.2045,5982.12
PP-2025-000236,29725.0,24,0.2795,313.31,619,no_desembolsado,no_desembolsado,0.0618,0.2954,7342.0
PP-2025-000237,16489.0,24,0.1254,194.01,762,desembolsado,pagado,0.0724,0.1372,4530.68
PP-2025-000238,17559.0,36,0.2289,322.11,682,desembolsado,pagado,0.0721,0.2317,3611.39
PP-2025-000239,49816.0,48,0.22,727.42,623,desembolsado,pagado,0.0645,0.2326,2567.65
PP-2025-000240,7924.0,24,0.1402,149.04,759,desembolsado,pagado,0.0751,0.1495,3683.76
PP-2025-000241,12257.0,12,0.2885,254.45,644,desembolsado,pagado,0.0741,0.2895,4183.84
PP-2025-000242,5287.0,36,0.2549,118.42,669,desembolsado,pagado,0.0695,0.251,3792.74
PP-2025-000243,8282.0,36,0.169,134.91,695,desembolsado,default,0.0681,0.1712,2482.66
PP-2025-000244,10746.0,48,0.3086,325.28,608,desembolsado,default,0.0708,0.3108,1874.95
PP-2025-000245,19758.0,12,0.1621,383.63,883,desembolsado,pagado,0.0713,0.1422,2796.36
PP-2025-000246,14187.0,48,0.2447,333.71,669,desembolsado,pagado,0.0734,0.2403,5176.92
PP-2025-000247,49933.0,12,0.3078,1377.57,631,no_desembolsado,no_desembolsado,0.0657,0.3118,4172.95
PP-2025-000248,26306.0,24,0.1841,794.88,760,no_desembolsado,no_desembolsado,0.0735,0.1868,1200.0
PP-2025-000249,8784.0,36,0.2465,142.83,614,desembolsado,pagado,0.0689,0.2531,3348.28
PP-2025-000250,23981.0,12,0.2105,387.79,743,no_desembolsado,no_desembolsado,0.0762,0.2107,4316.1
PP-2025-000251,13960.0,36,0.2451,310.08,699,desembolsado,default,0.0712,0.227,2639.28
PP-2025-000252,7859.0,12,0.2506,220.81,682,desembolsado,pagado,0.0688,0.2534,4104.54
PP-2025-000253,14750.0,36,0.1713,313.3,751,desembolsado,pagado,0.07,0.1776,1218.29
PP-2025-000254,22318.0,24,0.1996,388.45,760,desembolsado,pagado,0.0711,0.2008,3099.95
PP-2025-000255,12844.0,24,0.1579,375.98,892,desembolsado,pagado,0.0708,0.177,5706.99
PP-2025-000256,14947.0,24,0.1735,346.09,757,no_desembolsado,no_desembolsado,0.0693,0.1889,1339.28
PP-2025-000257,13866.0,12,0.2124,351.3,741,no_desembolsado,no_desembolsado,0.0685,0.2304,1200.0
PP-2025-000258,8256.0,48,0.2029,246.12,693,desembolsado,pagado,0.074,0.2045,4750.74
PP-2025-000259,8216.0,12,0.2803,144.77,628,no_desembolsado,no_desembolsado,0.0807,0.3019,5037.6
PP-2025-000260,13623.0,24,0.1838,363.15,681,desembolsado,default,0.0766,0.1684,2680.6
PP-2025-000261,20949.0,48,0.298,335.61,583,desembolsado,pagado,0.0691,0.3073,3473.01
PP-2025-000262,24247.0,24,0.3238,706.54,546,no_desembolsado,no_desembolsado,0.0672,0.3321,5634.42
PP-2025-000263,47604.0,36,0.278,605.0,586,no_desembolsado,no_desembolsado,0.0732,0.2755,2210.92
PP-2025-000264,26863.0,12,0.2088,290.9,697,no_desembolsado,no_desembolsado,0.0718,0.2134,4643.2
PP-2025-000265,27661.0,12,0.1834,654.45,816,no_desembolsado,no_desembolsado,0.0733,0.1858,4908.73
PP-2025-000266,14851.0,24,0.2633,210.48,694,desembolsado,pagado,0.0757,0.2514,3689.68
PP-2025-000267,14235.0,24,0.328,399.74,501,no_desembolsado,no_desembolsado,0.0653,0.3379,5229.4
PP-2025-000268,9908.0,12,0.2675,265.93,602,desembolsado,default,0.0732,0.28,9775.72
PP-2025-000269,18663.0,36,0.2267,301.73,657,desembolsado,pagado,0.0692,0.2348,2772.37
PP-2025-000270,15209.0,48,0.2298,194.47,680,no_desembolsado,no_desembolsado,0.0711,0.228,3785.97
PP-2025-000271,9533.0,12,0.2268,122.65,716,desembolsado,default,0.0782,0.2376,4225.87
PP-2025-000272,5978.0,24,0.3007,139.22,628,desembolsado,default,0.071,0.3027,5137.95
PP-2025-000273,7787.0,24,0.2099,129.47,705,desembolsado,default,0.0775,0.225,2715.74
PP-2025-000274,9008.0,12,0.1633,207.81,753,no_desembolsado,no_desembolsado,0.0796,0.1671,3287.73
PP-2025-000275,14946.0,24,0.2555,175.45,639,desembolsado,pagado,0.0703,0.2612,4279.19
PP-2025-000276,8369.0,36,0.2631,111.05,617,desembolsado,pagado,0.0695,0.2654,3865.87
PP-2025-000277,20724.0,12,0.1806,288.84,732,desembolsado,pagado,0.0711,0.1858,6804.96
PP-2025-000278,8218.0,12,0.2169,257.77,664,no_desembolsado,no_desembolsado,0.0679,0.2215,4925.58
PP-2025-000279,13812.0,24,0.2238,259.85,679,desembolsado,pagado,0.0665,0.2339,3181.96
PP-2025-000280,8992.0,24,0.1766,235.7,726,desembolsado,pagado,0.071,0.1792,3477.24
PP-2025-000281,5303.0,36,0.2238,99.01,699,desembolsado,pagado,0.0815,0.211,2888.25
PP-2025-000282,20275.0,12,0.2756,333.81,600,no_desembolsado,no_desembolsado,0.0677,0.2754,3505.96
PP-2025-000283,11179.0,24,0.2737,131.84,588,no_desembolsado,no_desembolsado,0.0724,0.261,4923.38
PP-2025-000284,9614.0,24,0.2287,191.13,684,desembolsado,pagado,0.0701,0.2227,6601.67
PP-2025-000285,20582.0,36,0.2192,630.2,687,desembolsado,pagado,0.0666,0.2089,2716.62
PP-2025-000286,23410.0,24,0.3031,470.66,648,desembolsado,pagado,0.0683,0.3118,5829.26
PP-2025-000287,6083.0,36,0.1959,133.67,740,desembolsado,pagado,0.0716,0.1844,13718.91
PP-2025-000288,6326.0,24,0.2417,188.84,685,desembolsado,pagado,0.0712,0.2312,3773.79
PP-2025-000289,5477.0,48,0.2006,168.98,729,desembolsado,pagado,0.0738,0.205,1263.08
PP-2025-000290,7671.0,24,0.2337,221.07,731,no_desembolsado,no_desembolsado,0.0663,0.2255,11957.23
PP-2025-000291,28902.0,12,0.3317,696.57,541,no_desembolsado,no_desembolsado,0.0646,0.3528,2743.12
PP-2025-000292,7908.0,12,0.185,202.22,734,desembolsado,pagado,0.075,0.1935,1554.9
PP-2025-000293,12975.0,36,0.1799,347.39,727,no_desembolsado,no_desembolsado,0.074,0.1926,2664.03
PP-2025-000294,17070.0,24,0.2132,276.21,678,desembolsado,pagado,0.0693,0.2054,4742.96
PP-2025-000295,5232.0,36,0.196,72.75,708,no_desembolsado,no_desembolsado,0.0616,0.1946,3710.05
PP-2025-000296,14806.0,24,0.3006,311.66,637,desembolsado,default,0.0811,0.2978,2577.37
PP-2025-000297,36504.0,24,0.1979,629.74,629,no_desembolsado,no_desembolsado,0.0706,0.2216,1939.81
PP-2025-000298,10035.0,48,0.2721,244.98,622,desembolsado,pagado,0.0733,0.2648,5049.93
PP-2025-000299,25215.0,12,0.3297,571.73,536,no_desembolsado,no_desembolsado,0.0774,0.3354,3192.47
PP-2025-000300,9823.0,24,0.1745,290.59,692,no_desembolsado,no_desembolsado,0.0665,0.1785,4530.58
PP-2025-000301,14376.0,36,0.217,207.03,694,no_desembolsado,no_desembolsado,0.0701,0.2311,3127.75
PP-2025-000302,17156.0,24,0.2978,428.07,632,desembolsado,pagado,0.0627,0.309,2580.96
PP-2025-000303,20704.0,12,0.243,318.81,615,no_desembolsado,no_desembolsado,0.0615,0.2378,5211.09
PP-2025-000304,11755.0,36,0.2887,228.72,579,desembolsado,pagado,0.0697,0.2795,3036.23
PP-2025-000305,6007.0,12,0.2055,190.0,661,desembolsado,pagado,0.0697,0.2047,3700.5
PP-2025-000306,7233.0,36,0.1746,141.5,690,desembolsado,pagado,0.0655,0.1782,2694.27
PP-2025-000307,41759.0,24,0.23,959.96,739,no_desembolsado,no_desembolsado,0.0647,0.23,1626.24
PP-2025-000308,17842.0,12,0.1788,295.44,716,desembolsado,pagado,0.0749,0.1711,3794.74
PP-2025-000309,8155.0,48,0.2233,222.05,653,desembolsado,default,0.0735,0.2205,1200.0
PP-2025-000310,14285.0,12,0.142,346.22,757,no_desembolsado,no_desembolsado,0.0661,0.1469,4077.32
PP-2025-000311,24712.0,36,0.1813,573.33,664,desembolsado,pagado,0.0705,0.1881,2758.15
PP-2025-000312,11223.0,24,0.2599,222.31,642,desembolsado,pagado,0.0734,0.2653,6175.27
PP-2025-000313,11773.0,24,0.2829,203.06,633,no_desembolsado,no_desembolsado,0.0656,0.2725,5599.96
PP-2025-000314,25469.0,48,0.3062,539.21,535,desembolsado,pagado,0.0729,0.308,2966.71
PP-2025-000315,8774.0,36,0.3236,168.64,492,no_desembolsado,no_desembolsado,0.0679,0.3333,1812.91
PP-2025-000316,7409.0,12,0.2364,220.74,632,desembolsado,pagado,0.0775,0.2284,6652.7
PP-2025-000317,11396.0,48,0.1799,217.31,750,desembolsado,pagado,0.075,0.1795,3591.49
PP-2025-000318,19567.0,48,0.2061,320.68,659,desembolsado,pagado,0.0787,0.2068,5388.99
PP-2025-000319,27542.0,48,0.2891,684.22,573,no_desembolsado,no_desembolsado,0.06,0.2828,4511.13
PP-2025-000320,22138.0,36,0.1767,584.2,732,desembolsado,pagado,0.0774,0.197,4037.22
PP-2025-000321,6328.0,24,0.1755,167.74,714,desembolsado,pagado,0.0607,0.1983,10030.26
PP-2025-000322,7851.0,12,0.2169,171.14,620,desembolsado,pagado,0.0654,0.224,5460.68
PP-2025-000323,26134.0,36,0.2127,523.07,658,desembolsado,pagado,0.0757,0.2056,2722.37
PP-2025-000324,11800.0,24,0.2176,329.09,697,no_desembolsado,no_desembolsado,0.0669,0.213,1758.22
PP-2025-000325,6956.0,24,0.2265,150.97,650,desembolsado,pagado,0.0701,0.2485,1980.63
PP-2025-000326,14245.0,48,0.2832,242.46,645,desembolsado,pagado,0.071,0.2902,6686.84
PP-2025-000327,6016.0,48,0.2707,138.9,728,desembolsado,pagado,0.0683,0.2483,2518.35
PP-2025-000328,12087.0,36,0.178,200.11,664,desembolsado,pagado,0.0675,0.1746,2091.87
PP-2025-000329,11813.0,12,0.1524,317.7,775,desembolsado,pagado,0.0705,0.151,2786.96
PP-2025-000330,39505.0,12,0.2104,479.68,638,no_desembolsado,no_desembolsado,0.0631,0.232,6741.11
PP-2025-000331,48336.0,12,0.2186,1017.39,672,no_desembolsado,no_desembolsado,0.0649,0.2048,3050.35
PP-2025-000332,12990.0,36,0.1976,228.46,713,desembolsado,pagado,0.0746,0.208,2628.98
PP-2025-000333,11158.0,24,0.2213,277.14,660,desembolsado,pagado,0.0717,0.2247,5660.68
PP-2025-000334,21944.0,12,0.2646,328.09,626,no_desembolsado,no_desembolsado,0.074,0.2528,7428.69
PP-2025-000335,6989.0,24,0.2363,150.39,663,desembolsado,pagado,0.0694,0.2368,3982.98
PP-2025-000336,11355.0,12,0.2619,171.67,600,desembolsado,pagado,0.0742,0.2787,3371.82
PP-2025-000337,19340.0,24,0.3062,235.92,632,no_desembolsado,no_desembolsado,0.0606,0.2949,2486.51
PP-2025-000338,8252.0,12,0.2349,209.55,639,desembolsado,pagado,0.0668,0.2354,3012.59
PP-2025-000339,12952.0,12,0.1865,263.43,690,desembolsado,pagado,0.06,0.1811,2259.28
PP-2025-000340,29331.0,48,0.1662,543.39,801,no_desembolsado,no_desembolsado,0.0726,0.1631,1621.7
PP-2025-000341,38044.0,36,0.2508,652.2,649,no_desembolsado,no_desembolsado,0.0673,0.2513,3350.28
PP-2025-000342,25340.0,48,0.1858,719.88,808,desembolsado,pagado,0.0684,0.1931,3320.65
PP-2025-000343,12418.0,24,0.204,143.02,801,desembolsado,pagado,0.0731,0.1945,3855.34
PP-2025-000344,7002.0,12,0.1534,158.47,822,no_desembolsado,no_desembolsado,0.078,0.1443,1951.19
PP-2025-000345,8396.0,36,0.247,246.53,737,desembolsado,pagado,0.0653,0.2514,3512.91
PP-2025-000346,18224.0,12,0.1323,330.36,798,no_desembolsado,no_desembolsado,0.0702,0.1508,2190.07
PP-2025-000347,16322.0,24,0.1379,465.07,757,desembolsado,pagado,0.0722,0.1574,7634.41
PP-2025-000348,7345.0,24,0.2517,235.34,599,desembolsado,default,0.0761,0.2537,2386.54
PP-2025-000349,36530.0,12,0.3346,458.13,534,no_desembolsado,no_desembolsado,0.0778,0.3361,1975.67
PP-2025-000350,7034.0,12,0.2249,199.67,591,desembolsado,default,0.0676,0.2474,7625.14
PP-2025-000351,9052.0,12,0.2336,235.19,724,desembolsado,pagado,0.0709,0.2367,1875.44
PP-2025-000352,38798.0,12,0.2171,1038.23,707,no_desembolsado,no_desembolsado,0.0642,0.2138,2374.57
PP-2025-000353,12122.0,24,0.2721,288.24,537,no_desembolsado,no_desembolsado,0.0678,0.2674,10442.23
PP-2025-000354,7519.0,12,0.272,237.2,706,no_desembolsado,no_desembolsado,0.0755,0.2697,2455.25
PP-2025-000355,19335.0,48,0.1638,505.5,853,desembolsado,pagado,0.0753,0.1797,2571.45
PP-2025-000356,26106.0,24,0.1623,501.99,751,no_desembolsado,no_desembolsado,0.0706,0.1761,2891.55
PP-2025-000357,6787.0,36,0.2394,103.7,735,desembolsado,pagado,0.0699,0.2223,3080.24
PP-2025-000358,47764.0,24,0.3442,892.49,558,no_desembolsado,no_desembolsado,0.06,0.3472,7636.88
PP-2025-000359,16992.0,24,0.1846,247.93,775,desembolsado,pagado,0.0674,0.1957,3271.52
PP-2025-000360,20468.0,36,0.1632,568.93,837,desembolsado,pagado,0.0665,0.1534,5865.86
PP-2025-000361,6968.0,12,0.2867,134.46,646,no_desembolsado,no_desembolsado,0.0678,0.2775,4217.11
PP-2025-000362,9831.0,24,0.2438,208.31,588,desembolsado,default,0.072,0.2459,10784.75
PP-2025-000363,8318.0,24,0.2413,238.85,633,no_desembolsado,no_desembolsado,0.0604,0.2329,6694.94
PP-2025-000364,34303.0,36,0.2237,640.47,590,desembolsado,pagado,0.068,0.2297,6516.23
PP-2025-000365,9035.0,36,0.2387,223.51,695,desembolsado,pagado,0.0703,0.2502,2875.76
PP-2025-000366,11863.0,36,0.2153,353.45,611,no_desembolsado,no_desembolsado,0.0676,0.2242,3443.37
PP-2025-000367,14035.0,24,0.3561,346.52,546,desembolsado,pagado,0.068,0.3651,3451.64
PP-2025-000368,14796.0,24,0.3073,169.85,599,no_desembolsado,no_desembolsado,0.0672,0.306,2533.36
PP-2025-000369,24974.0,48,0.2091,609.11,678,desembolsado,pagado,0.0731,0.2173,2120.7
PP-2025-000370,11030.0,24,0.3779,144.76,560,desembolsado,default,0.0691,0.3557,4100.22
PP-2025-000371,16962.0,36,0.1613,314.03,786,desembolsado,pagado,0.071,0.163,3232.96
PP-2025-000372,5408.0,36,0.2527,88.88,725,desembolsado,pagado,0.0659,0.2451,8952.14
PP-2025-000373,14041.0,24,0.2867,158.75,649,desembolsado,pagado,0.0665,0.2879,3523.63
PP-2025-000374,8411.0,24,0.2232,262.96,720,desembolsado,pagado,0.0781,0.2395,4201.03
PP-2025-000375,11918.0,48,0.291,160.06,544,desembolsado,pagado,0.0641,0.3111,1650.33
PP-2025-000376,14364.0,36,0.2543,417.07,732,no_desembolsado,no_desembolsado,0.0715,0.2577,3418.86
PP-2025-000377,9728.0,12,0.2936,168.43,645,desembolsado,pagado,0.0697,0.2974,8323.42
PP-2025-000378,13911.0,12,0.2014,355.97,665,no_desembolsado,no_desembolsado,0.0679,0.2048,2516.11
PP-2025-000379,8546.0,36,0.2884,192.63,632,desembolsado,pagado,0.0699,0.2895,4903.24
PP-2025-000380,14440.0,48,0.3356,365.73,554,desembolsado,pagado,0.0605,0.3312,4194.51
PP-2025-000381,22339.0,12,0.3672,555.26,545,no_desembolsado,no_desembolsado,0.0652,0.3829,2154.91
PP-2025-000382,5589.0,24,0.2804,94.21,518,no_desembolsado,no_desembolsado,0.0738,0.2839,1812.52
PP-2025-000383,6776.0,36,0.1536,100.93,836,desembolsado,pagado,0.0684,0.1549,4708.05
PP-2025-000384,10396.0,48,0.183,167.49,671,desembolsado,default,0.0663,0.1935,2174.09
PP-2025-000385,13098.0,36,0.2921,275.71,631,desembolsado,pagado,0.0713,0.3147,2828.79
PP-2025-000386,29377.0,36,0.2859,687.58,597,no_desembolsado,no_desembolsado,0.069,0.2726,5829.83
PP-2025-000387,10094.0,36,0.1521,182.66,814,desembolsado,pagado,0.0669,0.1492,1450.92
PP-2025-000388,13697.0,36,0.3229,160.04,530,desembolsado,pagado,0.0737,0.3311,4384.74
PP-2025-000389,21608.0,24,0.1799,407.37,651,no_desembolsado,no_desembolsado,0.0655,0.1881,6404.33
PP-2025-000390,14281.0,24,0.2433,440.2,598,no_desembolsado,no_desembolsado,0.0695,0.2665,4806.82
PP-2025-000391,11294.0,48,0.1365,327.0,776,desembolsado,pagado,0.0617,0.1407,5886.53
PP-2025-000392,6290.0,48,0.1715,164.55,760,desembolsado,pagado,0.0779,0.1765,1694.51
PP-2025-000393,9151.0,24,0.3071,110.33,589,no_desembolsado,no_desembolsado,0.0763,0.3225,2619.13
PP-2025-000394,9895.0,12,0.1683,191.06,668,no_desembolsado,no_desembolsado,0.0753,0.1857,4730.16
PP-2025-000395,6650.0,24,0.2541,158.07,618,desembolsado,default,0.0681,0.2405,4010.73
PP-2025-000396,7191.0,36,0.2588,147.28,627,no_desembolsado,no_desembolsado,0.0725,0.2587,7428.94
PP-2025-000397,5655.0,36,0.1751,145.99,786,desembolsado,pagado,0.0653,0.169,3801.75
PP-2025-000398,6161.0,24,0.2599,110.21,703,desembolsado,pagado,0.0676,0.2564,4049.6
PP-2025-000399,10655.0,12,0.3192,132.42,559,desembolsado,pagado,0.0746,0.3269,3123.74
PP-2025-000400,14110.0,24,0.2075,392.94,719,desembolsado,pagado,0.0718,0.2117,2083.75
PP-2025-000401,6015.0,36,0.1798,133.94,822,desembolsado,pagado,0.0743,0.1814,1200.0
PP-2025-000402,17070.0,36,0.1413,380.16,787,desembolsado,pagado,0.0681,0.1526,3943.19
PP-2025-000403,9450.0,12,0.2959,119.65,622,no_desembolsado,no_desembolsado,0.0668,0.3126,1727.74
PP-2025-000404,16115.0,24,0.2408,483.26,707,no_desembolsado,no_desembolsado,0.0683,0.2444,2950.36
PP-2025-000405,13818.0,12,0.2565,398.85,722,no_desembolsado,no_desembolsado,0.075,0.2409,2113.69
PP-2025-000406,43658.0,12,0.1698,845.81,655,no_desembolsado,no_desembolsado,0.0703,0.1737,2441.98
PP-2025-000407,18496.0,48,0.33,310.39,505,desembolsado,pagado,0.0712,0.3326,2951.24
PP-2025-000408,29199.0,24,0.2828,738.21,636,no_desembolsado,no_desembolsado,0.0723,0.2945,3016.61
PP-2025-000409,9152.0,24,0.1986,289.16,747,desembolsado,pagado,0.0748,0.2058,5241.96
PP-2025-000410,11830.0,12,0.3404,159.49,528,no_desembolsado,no_desembolsado,0.0773,0.3195,2579.0
PP-2025-000411,21891.0,48,0.1639,338.16,847,desembolsado,pagado,0.0692,0.167,3597.55
PP-2025-000412,9129.0,36,0.2391,211.67,595,no_desembolsado,no_desembolsado,0.0701,0.2349,3283.66
PP-2025-000413,11981.0,24,0.1823,230.84,703,desembolsado,pagado,0.0684,0.1799,3202.37
PP-2025-000414,8983.0,36,0.2437,278.14,712,no_desembolsado,no_desembolsado,0.0687,0.2481,2185.03
PP-2025-000415,6618.0,48,0.2007,116.03,676,desembolsado,pagado,0.0644,0.1923,7247.84
PP-2025-000416,20621.0,24,0.1977,449.14,704,desembolsado,pagado,0.0667,0.1939,4950.95
PP-2025-000417,11001.0,24,0.1678,314.49,666,desembolsado,default,0.071,0.1728,3562.79
PP-2025-000418,19321.0,24,0.1583,262.33,671,no_desembolsado,no_desembolsado,0.0653,0.1786,1619.58
PP-2025-000419,12079.0,12,0.2163,196.83,661,no_desembolsado,no_desembolsado,0.0719,0.217,6138.66
PP-2025-000420,9384.0,12,0.206,147.9,732,desembolsado,pagado,0.066,0.2001,9232.43
PP-2025-000421,46106.0,24,0.1673,632.5,750,no_desembolsado,no_desembolsado,0.0655,0.1713,1200.0
PP-2025-000422,11047.0,24,0.2545,224.06,630,no_desembolsado,no_desembolsado,0.0683,0.2675,2224.15
PP-2025-000423,13144.0,36,0.2281,262.53,634,desembolsado,pagado,0.0699,0.2195,4174.73
PP-2025-000424,45373.0,24,0.2659,1105.74,666,no_desembolsado,no_desembolsado,0.0705,0.2497,3732.71
PP-2025-000425,8418.0,12,0.1709,193.14,652,desembolsado,default,0.06,0.1787,5005.65
PP-2025-000426,7349.0,36,0.1765,199.67,665,no_desembolsado,no_desembolsado,0.0704,0.1912,3933.04
PP-2025-000427,39095.0,12,0.2504,1181.42,739,no_desembolsado,no_desembolsado,0.0706,0.2627,3736.13
PP-2025-000428,6627.0,36,0.2544,100.19,683,desembolsado,pagado,0.069,0.2522,2806.24
PP-2025-000429,13586.0,48,0.1706,210.89,681,desembolsado,pagado,0.0702,0.1773,2784.32
PP-2025-000430,42254.0,36,0.1863,529.73,690,desembolsado,pagado,0.0785,0.1877,3911.99
PP-2025-000431,7824.0,48,0.1474,186.2,762,desembolsado,pagado,0.0756,0.1527,2812.32
PP-2025-000432,16894.0,12,0.2353,383.03,744,no_desembolsado,no_desembolsado,0.0811,0.241,3104.35
PP-2025-000433,12202.0,12,0.1498,205.73,768,no_desembolsado,no_desembolsado,0.0669,0.1439,2017.27
PP-2025-000434,11393.0,24,0.2324,136.53,662,desembolsado,default,0.0697,0.2387,7739.13
PP-2025-000435,18975.0,12,0.2353,455.93,664,no_desembolsado,no_desembolsado,0.062,0.2394,3106.12
PP-2025-000436,45629.0,24,0.1452,718.77,781,no_desembolsado,no_desembolsado,0.0721,0.142,1526.56
PP-2025-000437,6940.0,36,0.144,127.45,762,desembolsado,pagado,0.0716,0.1412,4811.42
PP-2025-000438,8057.0,12,0.1651,136.04,900,desembolsado,pagado,0.0673,0.1743,5764.7
PP-2025-000439,15014.0,24,0.2363,194.63,740,desembolsado,pagado,0.068,0.242,1582.18
PP-2025-000440,11487.0,24,0.3383,136.09,579,no_desembolsado,no_desembolsado,0.0752,0.3409,4671.75
PP-2025-000441,8963.0,36,0.1736,183.65,756,desembolsado,pagado,0.0701,0.1578,2902.71
PP-2025-000442,39897.0,36,0.1987,796.57,693,desembolsado,default,0.0662,0.1879,3564.72
PP-2025-000443,21930.0,12,0.1924,524.13,692,no_desembolsado,no_desembolsado,0.0724,0.1978,2443.83
PP-2025-000444,5437.0,12,0.2817,85.8,597,desembolsado,default,0.0743,0.3001,3688.69
PP-2025-000445,11168.0,36,0.1734,236.55,722,desembolsado,pagado,0.0724,0.1775,1290.89
PP-2025-000446,13848.0,12,0.2529,240.81,675,desembolsado,pagado,0.0647,0.2509,7235.83
PP-2025-000447,6969.0,12,0.2927,102.05,590,desembolsado,pagado,0.0654,0.3185,5153.64
PP-2025-000448,14254.0,24,0.1684,339.33,892,desembolsado,pagado,0.0747,0.1854,2545.89
PP-2025-000449,11806.0,24,0.3086,222.06,641,desembolsado,pagado,0.0647,0.3169,5305.98
PP-2025-000450,23445.0,24,0.1509,522.67,869,desembolsado,pagado,0.0648,0.1808,5503.07
PP-2025-000451,6151.0,24,0.1909,101.03,757,no_desembolsado,no_desembolsado,0.0702,0.1963,11089.18
PP-2025-000452,9506.0,24,0.1932,140.1,703,desembolsado,pagado,0.0742,0.1895,3883.58
PP-2025-000453,23077.0,12,0.2277,468.53,641,no_desembolsado,no_desembolsado,0.0678,0.2271,2146.63
PP-2025-000454,21635.0,24,0.201,600.46,777,no_desembolsado,no_desembolsado,0.07,0.193,2288.56
PP-2025-000455,9781.0,24,0.241,287.42,620,no_desembolsado,no_desembolsado,0.0665,0.2297,3518.51
PP-2025-000456,10952.0,24,0.2426,253.05,694,desembolsado,pagado,0.0728,0.2445,7438.1
PP-2025-000457,9921.0,24,0.2914,267.73,632,no_desembolsado,no_desembolsado,0.0643,0.3043,5687.45
PP-2025-000458,11533.0,36,0.1743,321.52,795,no_desembolsado,no_desembolsado,0.0638,0.1634,3941.99
PP-2025-000459,18800.0,24,0.1562,328.98,754,no_desembolsado,no_desembolsado,0.0699,0.1673,4259.68
PP-2025-000460,21386.0,24,0.1816,230.95,799,no_desembolsado,no_desembolsado,0.06,0.1933,2060.98
PP-2025-000461,5586.0,24,0.2162,112.7,745,desembolsado,pagado,0.0678,0.2306,2392.95
PP-2025-000462,47796.0,12,0.1447,1275.35,798,no_desembolsado,no_desembolsado,0.0621,0.1484,2310.15
PP-2025-000463,5034.0,48,0.2053,114.28,703,desembolsado,pagado,0.0685,0.2065,5688.88
PP-2025-000464,8914.0,36,0.2475,233.14,743,desembolsado,pagado,0.0699,0.2466,5911.97
PP-2025-000465,8473.0,24,0.2191,240.63,710,desembolsado,pagado,0.0713,0.2313,2175.61
PP-2025-000466,13079.0,24,0.2953,292.29,582,desembolsado,pagado,0.0731,0.3128,1200.0
PP-2025-000467,29903.0,24,0.1553,532.09,786,desembolsado,pagado,0.0697,0.1531,3936.83
PP-2025-000468,14094.0,12,0.193,349.69,720,no_desembolsado,no_desembolsado,0.0664,0.2076,2823.28
PP-2025-000469,8264.0,48,0.2245,101.19,668,desembolsado,pagado,0.0734,0.2312,3770.28
PP-2025-000470,49230.0,24,0.1597,945.42,753,no_desembolsado,no_desembolsado,0.0669,0.1786,2535.64
PP-2025-000471,7368.0,12,0.2284,198.28,684,desembolsado,pagado,0.0763,0.2127,1621.32
PP-2025-000472,10793.0,12,0.2065,258.0,715,desembolsado,pagado,0.0663,0.1994,2559.77
PP-2025-000473,19755.0,24,0.2295,329.17,759,no_desembolsado,no_desembolsado,0.0669,0.2019,4268.11
PP-2025-000474,12325.0,24,0.187,283.11,689,no_desembolsado,no_desembolsado,0.0716,0.2053,4246.98
PP-2025-000475,10872.0,48,0.1999,210.08,790,desembolsado,pagado,0.0731,0.1961,4855.55
PP-2025-000476,26797.0,36,0.347,697.15,570,no_desembolsado,no_desembolsado,0.0743,0.365,6428.75
PP-2025-000477,10043.0,36,0.2451,205.98,709,desembolsado,pagado,0.0663,0.2494,1807.49
PP-2025-000478,5675.0,12,0.25,98.67,563,no_desembolsado,no_desembolsado,0.0767,0.2678,3724.07
PP-2025-000479,25543.0,24,0.2077,491.87,606,no_desembolsado,no_desembolsado,0.0761,0.2347,1653.63
PP-2025-000480,8384.0,24,0.3583,164.26,458,desembolsado,default,0.0733,0.3675,11089.38
PP-2025-000481,36714.0,24,0.196,617.82,778,desembolsado,pagado,0.0677,0.2017,6626.75
PP-2025-000482,20900.0,36,0.3324,522.6,537,no_desembolsado,no_desembolsado,0.0723,0.3239,3460.48
PP-2025-000483,6273.0,12,0.2035,152.05,733,no_desembolsado,no_desembolsado,0.0652,0.2035,3815.72
PP-2025-000484,14816.0,24,0.3238,315.19,586,no_desembolsado,no_desembolsado,0.0702,0.309,3635.29
PP-2025-000485,28301.0,48,0.2269,343.59,600,no_desembolsado,no_desembolsado,0.0798,0.2224,7401.33
PP-2025-000486,8335.0,48,0.1845,198.28,690,desembolsado,pagado,0.0663,0.1738,5350.68
PP-2025-000487,6162.0,24,0.191,192.0,666,desembolsado,pagado,0.0635,0.1989,4445.94
PP-2025-000488,24949.0,24,0.2383,622.8,705,no_desembolsado,no_desembolsado,0.0687,0.2376,5139.04
PP-2025-000489,24807.0,24,0.2193,370.54,618,no_desembolsado,no_desembolsado,0.0716,0.2223,2430.76
PP-2025-000490,21813.0,36,0.1764,270.05,709,no_desembolsado,no_desembolsado,0.0626,0.1914,3571.03
PP-2025-000491,17790.0,24,0.2664,518.34,736,no_desembolsado,no_desembolsado,0.0711,0.2554,3341.53
PP-2025-000492,33357.0,48,0.3054,944.01,640,no_desembolsado,no_desembolsado,0.0756,0.3253,1938.49
PP-2025-000493,14895.0,48,0.1787,452.85,669,desembolsado,pagado,0.0609,0.1713,4784.95
PP-2025-000494,12462.0,12,0.1848,304.71,772,no_desembolsado,no_desembolsado,0.0641,0.1716,3746.84
PP-2025-000495,5953.0,24,0.1991,93.44,731,desembolsado,pagado,0.085,0.2204,1200.0
PP-2025-000496,9301.0,24,0.1629,239.73,722,no_desembolsado,no_desembolsado,0.0732,0.1699,4943.21
PP-2025-000497,32930.0,24,0.2091,903.06,735,desembolsado,pagado,0.06,0.2263,7000.59
PP-2025-000498,42498.0,36,0.1349,781.96,750,no_desembolsado,no_desembolsado,0.0642,0.1489,3296.05
PP-2025-000499,6920.0,24,0.1927,113.28,802,no_desembolsado,no_desembolsado,0.0627,0.1992,5637.66
PP-2025-000500,24185.0,12,0.1785,331.87,758,no_desembolsado,no_desembolsado,0.0682,0.1803,3851.65
PP-2025-000501,22677.0,24,0.2892,254.32,541,no_desembolsado,no_desembolsado,0.0735,0.3083,2312.88
PP-2025-000502,8071.0,24,0.1858,223.54,764,no_desembolsado,no_desembolsado,0.0719,0.1923,2508.55
PP-2025-000503,11086.0,36,0.1845,214.85,711,desembolsado,pagado,0.0712,0.1742,5263.87
PP-2025-000504,12103.0,12,0.1421,258.68,756,desembolsado,pagado,0.0705,0.1371,5037.21
PP-2025-000505,5993.0,24,0.1779,111.96,712,desembolsado,pagado,0.0743,0.2064,2976.23
PP-2025-000506,48111.0,24,0.1714,1178.37,786,no_desembolsado,no_desembolsado,0.0771,0.17,3301.78
PP-2025-000507,13379.0,12,0.1952,235.42,743,desembolsado,pagado,0.0699,0.1974,7000.88
PP-2025-000508,9176.0,24,0.2767,189.19,596,desembolsado,pagado,0.0717,0.2866,2682.5
PP-2025-000509,7102.0,24,0.2245,165.64,718,desembolsado,pagado,0.079,0.2293,2715.18
PP-2025-000510,9140.0,36,0.155,170.09,793,desembolsado,pagado,0.07,0.1645,4536.02
PP-2025-000511,14387.0,36,0.1937,365.37,746,desembolsado,default,0.0689,0.1837,1865.15
PP-2025-000512,28873.0,12,0.2614,805.61,483,no_desembolsado,no_desembolsado,0.063,0.2807,1790.29
PP-2025-000513,22439.0,24,0.3238,307.48,532,no_desembolsado,no_desembolsado,0.0712,0.3443,1723.22
PP-2025-000514,10076.0,24,0.2415,182.11,524,desembolsado,pagado,0.0659,0.2643,4748.94
PP-2025-000515,17808.0,12,0.2283,232.38,587,no_desembolsado,no_desembolsado,0.0727,0.2361,2016.94
PP-2025-000516,17254.0,24,0.2429,393.82,660,no_desembolsado,no_desembolsado,0.0643,0.2482,4663.31
PP-2025-000517,12663.0,36,0.1969,322.2,674,desembolsado,pagado,0.0715,0.2021,2900.91
PP-2025-000518,38860.0,36,0.2279,964.28,691,no_desembolsado,no_desembolsado,0.0774,0.2311,3126.49
PP-2025-000519,38213.0,48,0.2421,428.0,649,no_desembolsado,no_desembolsado,0.0701,0.2411,1584.01
PP-2025-000520,16594.0,12,0.3225,335.45,573,no_desembolsado,no_desembolsado,0.0738,0.3233,3056.48
PP-2025-000521,5179.0,12,0.1331,104.47,770,desembolsado,pagado,0.073,0.1397,4006.7
PP-2025-000522,7575.0,12,0.1809,140.62,682,desembolsado,pagado,0.0678,0.1757,4876.37
PP-2025-000523,12223.0,12,0.2392,223.37,579,no_desembolsado,no_desembolsado,0.0702,0.2666,2825.81
PP-2025-000524,5809.0,12,0.2509,134.67,546,desembolsado,pagado,0.0661,0.2615,2301.69
PP-2025-000525,27950.0,24,0.2243,423.64,707,desembolsado,pagado,0.0756,0.2456,4894.46
PP-2025-000526,12264.0,12,0.2314,288.32,665,desembolsado,pagado,0.0693,0.2505,4519.03
PP-2025-000527,11543.0,12,0.2239,203.33,691,no_desembolsado,no_desembolsado,0.0696,0.2356,3317.82
PP-2025-000528,23461.0,12,0.2153,577.5,618,desembolsado,pagado,0.077,0.2217,3176.12
PP-2025-000529,9651.0,12,0.2648,156.76,641,no_desembolsado,no_desembolsado,0.0731,0.2718,10237.09
PP-2025-000530,27447.0,12,0.2178,371.45,682,desembolsado,pagado,0.0731,0.2047,10382.17
PP-2025-000531,22346.0,36,0.2312,671.75,666,desembolsado,pagado,0.0689,0.2421,5268.58
PP-2025-000532,26818.0,48,0.3108,479.2,624,no_desembolsado,no_desembolsado,0.0728,0.3074,2180.28
PP-2025-000533,13098.0,12,0.1786,263.52,783,no_desembolsado,no_desembolsado,0.0614,0.1822,2191.3
PP-2025-000534,5375.0,48,0.2155,106.04,676,desembolsado,pagado,0.0714,0.2179,5337.52
PP-2025-000535,8448.0,12,0.2162,112.16,679,desembolsado,pagado,0.0736,0.2521,3044.75
PP-2025-000536,20725.0,48,0.2379,299.6,738,no_desembolsado,no_desembolsado,0.0668,0.2279,3489.82
PP-2025-000537,10414.0,12,0.215,250.17,722,desembolsado,pagado,0.0689,0.2235,4446.77
PP-2025-000538,6643.0,48,0.2806,89.79,637,desembolsado,pagado,0.0734,0.2819,3585.36
PP-2025-000539,14127.0,36,0.3168,426.53,565,no_desembolsado,no_desembolsado,0.067,0.3216,3979.02
PP-2025-000540,24075.0,48,0.2891,593.09,610,no_desembolsado,no_desembolsado,0.0716,0.2914,1829.89
PP-2025-000541,7378.0,24,0.2399,189.28,617,no_desembolsado,no_desembolsado,0.067,0.233,4315.8
PP-2025-000542,9163.0,24,0.2005,273.23,691,no_desembolsado,no_desembolsado,0.0674,0.19,2136.71
PP-2025-000543,13301.0,24,0.153,149.94,750,desembolsado,pagado,0.0693,0.1518,3482.96
PP-2025-000544,5132.0,12,0.2424,116.99,732,desembolsado,pagado,0.0674,0.2307,3694.12
PP-2025-000545,6205.0,12,0.1912,116.18,717,desembolsado,pagado,0.072,0.188,4646.94
PP-2025-000546,5093.0,24,0.2175,149.94,676,desembolsado,pagado,0.0734,0.2114,10748.86
PP-2025-000547,44365.0,36,0.164,782.47,794,no_desembolsado,no_desembolsado,0.0697,0.1829,2173.55
PP-2025-000548,26420.0,12,0.1601,793.49,770,no_desembolsado,no_desembolsado,0.0712,0.1756,3406.86
PP-2025-000549,9634.0,36,0.1956,183.5,684,no_desembolsado,no_desembolsado,0.0681,0.1912,3017.5
PP-2025-000550,19526.0,36,0.2433,401.11,710,desembolsado,pagado,0.0666,0.2335,3605.66
PP-2025-000551,9197.0,24,0.1632,233.39,699,desembolsado,pagado,0.06,0.1681,2497.24
PP-2025-000552,27311.0,24,0.2553,743.76,550,no_desembolsado,no_desembolsado,0.0726,0.2568,4276.19
PP-2025-000553,39299.0,24,0.2484,437.64,621,no_desembolsado,no_desembolsado,0.0699,0.2479,4089.27
PP-2025-000554,6383.0,24,0.2089,81.25,701,desembolsado,pagado,0.0691,0.2197,4797.57
PP-2025-000555,10834.0,36,0.3462,285.42,551,desembolsado,pagado,0.0703,0.3458,2624.14
PP-2025-000556,23382.0,12,0.2493,361.25,729,desembolsado,pagado,0.071,0.2583,3230.76
PP-2025-000557,10751.0,48,0.1541,320.33,751,desembolsado,pagado,0.0693,0.1526,8154.02
PP-2025-000558,43050.0,48,0.2497,827.54,738,desembolsado,pagado,0.065,0.252,3106.45
PP-2025-000559,27138.0,48,0.2528,819.33,704,desembolsado,pagado,0.069,0.2638,5053.66
PP-2025-000560,7960.0,24,0.2313,132.33,733,no_desembolsado,no_desembolsado,0.0661,0.2425,1980.92
PP-2025-000561,32260.0,24,0.1744,733.16,668,no_desembolsado,no_desembolsado,0.08,0.1789,5743.64
PP-2025-000562,46378.0,24,0.2501,685.59,606,no_desembolsado,no_desembolsado,0.0775,0.2569,3943.72
PP-2025-000563,23680.0,48,0.221,421.87,668,desembolsado,pagado,0.0677,0.2104,8130.95
PP-2025-000564,5593.0,48,0.1651,129.9,671,desembolsado,pagado,0.0703,0.1734,3275.26
PP-2025-000565,46202.0,36,0.1571,998.01,698,desembolsado,pagado,0.0657,0.1764,6722.29
PP-2025-000566,28721.0,12,0.2672,455.27,643,desembolsado,pagado,0.0655,0.2811,7471.26
PP-2025-000567,7043.0,24,0.2968,199.19,608,desembolsado,pagado,0.0628,0.2922,3363.95
PP-2025-000568,12280.0,48,0.1364,312.22,754,desembolsado,pagado,0.0718,0.1448,9877.42
PP-2025-000569,5903.0,36,0.2144,89.28,708,desembolsado,pagado,0.0709,0.211,3370.22
PP-2025-000570,12211.0,24,0.1674,196.52,785,desembolsado,pagado,0.0716,0.165,4668.75
PP-2025-000571,25101.0,24,0.25,543.63,714,no_desembolsado,no_desembolsado,0.0783,0.2497,7435.33
PP-2025-000572,18582.0,36,0.2396,462.38,693,desembolsado,pagado,0.0711,0.2511,4763.27
PP-2025-000573,17543.0,12,0.1854,502.95,801,no_desembolsado,no_desembolsado,0.0744,0.1951,3691.49
PP-2025-000574,12704.0,36,0.2797,371.8,646,desembolsado,pagado,0.0685,0.2952,3296.39
PP-2025-000575,10007.0,12,0.2309,235.26,712,desembolsado,pagado,0.0657,0.2448,2976.91
PP-2025-000576,13416.0,24,0.2609,231.26,745,desembolsado,pagado,0.0678,0.238,2965.94
PP-2025-000577,18350.0,36,0.148,562.35,815,desembolsado,pagado,0.0686,0.1441,2063.85
PP-2025-000578,13365.0,24,0.1907,291.0,685,no_desembolsado,no_desembolsado,0.0632,0.1904,2589.12
PP-2025-000579,6359.0,12,0.1893,182.27,800,desembolsado,pagado,0.0684,0.1822,2393.65
PP-2025-000580,23856.0,12,0.2147,717.7,617,no_desembolsado,no_desembolsado,0.0709,0.2315,6768.31
PP-2025-000581,14353.0,12,0.1809,282.61,690,no_desembolsado,no_desembolsado,0.0774,0.1789,3255.62
PP-2025-000582,10537.0,12,0.1805,175.14,676,no_desembolsado,no_desembolsado,0.0731,0.189,7099.17
PP-2025-000583,12201.0,24,0.1694,188.72,790,desembolsado,pagado,0.0701,0.1816,3160.62
PP-2025-000584,9724.0,24,0.2085,182.67,678,desembolsado,pagado,0.0669,0.2237,7777.58
PP-2025-000585,11459.0,12,0.1657,140.04,810,desembolsado,pagado,0.0706,0.1798,2783.8
PP-2025-000586,25687.0,24,0.2814,695.22,610,desembolsado,pagado,0.0657,0.2938,6553.91
PP-2025-000587,20071.0,36,0.1831,452.36,710,desembolsado,pagado,0.066,0.1942,4133.41
PP-2025-000588,7991.0,24,0.2234,115.71,718,desembolsado,pagado,0.0669,0.2298,2533.67
PP-2025-000589,14489.0,24,0.2412,315.37,631,no_desembolsado,no_desembolsado,0.0706,0.247,5173.03
PP-2025-000590,41805.0,24,0.1857,1141.09,698,no_desembolsado,no_desembolsado,0.0666,0.1846,3361.55
PP-2025-000591,28937.0,24,0.2099,668.19,693,desembolsado,pagado,0.0665,0.2326,3163.12
PP-2025-000592,46784.0,48,0.2286,768.94,722,no_desembolsado,no_desembolsado,0.0685,0.2192,2136.68
PP-2025-000593,9825.0,12,0.2035,243.62,677,no_desembolsado,no_desembolsado,0.0763,0.2127,2949.4
PP-2025-000594,29394.0,36,0.2157,678.53,773,no_desembolsado,no_desembolsado,0.0697,0.1949,2631.58
PP-2025-000595,10354.0,24,0.16,271.66,720,desembolsado,pagado,0.065,0.1752,2822.56
PP-2025-000596,25832.0,48,0.2104,753.57,661,desembolsado,pagado,0.0693,0.2109,8036.0
PP-2025-000597,16127.0,12,0.2448,365.6,596,desembolsado,pagado,0.0737,0.244,10399.7
PP-2025-000598,10536.0,24,0.1777,182.52,782,desembolsado,pagado,0.0656,0.1739,2839.85
PP-2025-000599,20954.0,24,0.2565,567.76,614,desembolsado,pagado,0.0672,0.2646,6243.51
PP-2025-000600,5635.0,24,0.219,160.24,721,no_desembolsado,no_desembolsado,0.0695,0.2308,8874.94
PP-2025-000601,14197.0,36,0.2892,236.14,626,no_desembolsado,no_desembolsado,0.0656,0.3004,2403.38
PP-2025-000602,12605.0,24,0.3566,168.38,577,desembolsado,pagado,0.0653,0.3526,4570.15
PP-2025-000603,11777.0,48,0.1919,298.61,659,desembolsado,pagado,0.0737,0.2077,6415.95
PP-2025-000604,5792.0,24,0.1501,185.13,739,no_desembolsado,no_desembolsado,0.0789,0.1766,7871.77
PP-2025-000605,19558.0,12,0.1782,565.7,865,desembolsado,pagado,0.0703,0.1639,5640.25
PP-2025-000606,10704.0,36,0.2372,167.22,643,desembolsado,default,0.0664,0.2399,6253.49
PP-2025-000607,18713.0,12,0.3111,416.79,596,no_desembolsado,no_desembolsado,0.0707,0.321,2029.76
PP-2025-000608,14068.0,36,0.341,194.91,569,no_desembolsado,no_desembolsado,0.0686,0.3386,3232.65
PP-2025-000609,26330.0,24,0.3588,728.48,556,no_desembolsado,no_desembolsado,0.0685,0.3622,2484.91
PP-2025-000610,6648.0,12,0.3113,201.15,584,desembolsado,pagado,0.07,0.3028,3491.91
PP-2025-000611,20709.0,12,0.1832,586.8,686,desembolsado,pagado,0.06,0.1769,3704.21
PP-2025-000612,14848.0,36,0.1657,237.28,800,no_desembolsado,no_desembolsado,0.0661,0.1904,3305.07
PP-2025-000613,12748.0,24,0.2218,166.55,739,desembolsado,pagado,0.0649,0.2403,3853.03
PP-2025-000614,8196.0,24,0.235,159.89,744,desembolsado,default,0.0742,0.2532,4044.31
PP-2025-000615,14589.0,24,0.3175,184.93,561,no_desembolsado,no_desembolsado,0.0701,0.3219,5219.61
PP-2025-000616,7143.0,24,0.1467,142.97,678,desembolsado,pagado,0.0692,0.1735,1394.99
PP-2025-000617,11825.0,24,0.1521,368.34,772,desembolsado,pagado,0.0713,0.1526,5149.4
PP-2025-000618,12479.0,24,0.171,357.58,725,desembolsado,pagado,0.074,0.1712,3451.51
PP-2025-000619,9003.0,24,0.1834,139.96,660,desembolsado,pagado,0.068,0.1812,6807.85
PP-2025-000620,10343.0,48,0.1811,227.62,730,desembolsado,pagado,0.0705,0.1841,5713.95
PP-2025-000621,5425.0,24,0.159,83.37,747,desembolsado,pagado,0.0728,0.177,6389.12
PP-2025-000622,23673.0,12,0.213,664.08,642,desembolsado,default,0.0676,0.2317,4289.42
PP-2025-000623,5339.0,24,0.2152,133.26,638,desembolsado,pagado,0.0768,0.2187,3982.22
PP-2025-000624,12801.0,48,0.1808,221.87,664,desembolsado,pagado,0.0688,0.19,6548.59
PP-2025-000625,13301.0,36,0.1313,315.84,755,desembolsado,pagado,0.0652,0.1417,1578.08
PP-2025-000626,10054.0,24,0.1841,216.48,709,desembolsado,pagado,0.0681,0.1779,4543.08
PP-2025-000627,12676.0,24,0.1616,385.02,792,desembolsado,pagado,0.0667,0.1534,4618.46
PP-2025-000628,8286.0,48,0.1893,166.73,683,desembolsado,pagado,0.0766,0.2018,11391.61
PP-2025-000629,8977.0,24,0.2343,188.18,631,desembolsado,pagado,0.0706,0.24,10587.85
PP-2025-000630,15467.0,36,0.2307,325.69,683,desembolsado,pagado,0.0734,0.2239,4776.99
PP-2025-000631,7579.0,36,0.2812,186.56,624,desembolsado,pagado,0.0698,0.2779,3700.23
PP-2025-000632,8551.0,12,0.2147,258.56,631,no_desembolsado,no_desembolsado,0.0648,0.2372,1398.35
PP-2025-000633,27121.0,48,0.1792,758.25,735,no_desembolsado,no_desembolsado,0.0734,0.1882,5221.24
PP-2025-000634,14891.0,12,0.3329,268.39,545,no_desembolsado,no_desembolsado,0.0632,0.3464,4375.93
PP-2025-000635,34000.0,36,0.3046,773.74,541,no_desembolsado,no_desembolsado,0.0669,0.3179,3089.79
PP-2025-000636,29532.0,36,0.1692,717.47,779,desembolsado,pagado,0.0691,0.198,4209.32
PP-2025-000637,5941.0,36,0.169,85.1,784,desembolsado,pagado,0.0605,0.1704,4545.34
PP-2025-000638,10478.0,12,0.3676,214.47,573,desembolsado,pagado,0.0756,0.3761,2904.56
PP-2025-000639,23510.0,36,0.3082,496.83,630,no_desembolsado,no_desembolsado,0.0749,0.3141,2613.57
PP-2025-000640,15643.0,24,0.1804,439.62,854,desembolsado,pagado,0.0737,0.1841,6838.07
PP-2025-000641,10251.0,36,0.2256,223.02,726,no_desembolsado,no_desembolsado,0.0742,0.2362,2780.49
PP-2025-000642,14391.0,36,0.2005,187.31,708,desembolsado,pagado,0.0706,0.2127,3769.52
PP-2025-000643,14094.0,24,0.2149,193.41,727,no_desembolsado,no_desembolsado,0.0698,0.2205,1613.03
PP-2025-000644,13557.0,36,0.3634,365.7,511,no_desembolsado,no_desembolsado,0.0757,0.3556,2755.59
PP-2025-000645,10814.0,36,0.3284,233.46,489,desembolsado,pagado,0.0717,0.3359,2819.83
PP-2025-000646,8067.0,36,0.1309,106.51,782,desembolsado,pagado,0.0775,0.1493,5209.96
PP-2025-000647,39760.0,12,0.2415,568.17,660,no_desembolsado,no_desembolsado,0.0693,0.2455,5816.45
PP-2025-000648,5992.0,36,0.2269,117.66,678,desembolsado,pagado,0.0688,0.2104,3774.19
PP-2025-000649,10993.0,36,0.1856,299.32,774,no_desembolsado,no_desembolsado,0.0662,0.1804,5497.17
PP-2025-000650,9332.0,12,0.2306,226.22,715,desembolsado,pagado,0.07,0.2296,2963.57
PP-2025-000651,7955.0,24,0.2101,227.94,673,no_desembolsado,no_desembolsado,0.0743,0.231,7231.44
PP-2025-000652,11540.0,24,0.1528,271.78,782,desembolsado,pagado,0.0712,0.1459,3346.92
PP-2025-000653,11656.0,12,0.1885,340.4,742,no_desembolsado,no_desembolsado,0.068,0.2041,10673.02
PP-2025-000654,6353.0,24,0.1444,130.66,754,desembolsado,pagado,0.0604,0.1616,5489.92
PP-2025-000655,27109.0,24,0.2275,792.13,645,desembolsado,pagado,0.0726,0.2411,2564.65
PP-2025-000656,28026.0,24,0.215,855.43,705,desembolsado,pagado,0.0698,0.2234,3546.16
PP-2025-000657,10197.0,12,0.1408,309.27,878,no_desembolsado,no_desembolsado,0.0741,0.1434,3984.81
PP-2025-000658,14439.0,24,0.2383,406.75,699,desembolsado,pagado,0.0742,0.2511,6166.88
PP-2025-000659,43104.0,48,0.1924,1180.69,653,desembolsado,pagado,0.0649,0.1931,4956.11
PP-2025-000660,30883.0,36,0.2139,788.73,715,desembolsado,pagado,0.0656,0.2323,3284.3
PP-2025-000661,18796.0,36,0.1739,529.09,687,no_desembolsado,no_desembolsado,0.0624,0.1823,2514.41
PP-2025-000662,19406.0,24,0.2299,379.61,677,no_desembolsado,no_desembolsado,0.0654,0.236,3174.35
PP-2025-000663,5660.0,12,0.3042,137.18,613,desembolsado,pagado,0.0703,0.3218,4978.96
PP-2025-000664,14878.0,48,0.2815,452.58,600,no_desembolsado,no_desembolsado,0.0714,0.2924,7401.48
PP-2025-000665,30564.0,24,0.2654,487.72,689,no_desembolsado,no_desembolsado,0.0733,0.2661,2956.43
PP-2025-000666,13149.0,36,0.3439,299.43,530,desembolsado,pagado,0.0641,0.3368,1403.83
PP-2025-000667,7494.0,24,0.223,110.46,632,no_desembolsado,no_desembolsado,0.069,0.2293,2316.37
PP-2025-000668,45481.0,48,0.2342,1059.91,642,no_desembolsado,no_desembolsado,0.0658,0.2558,3628.64
PP-2025-000669,47432.0,36,0.2175,782.05,614,desembolsado,pagado,0.0629,0.2289,4375.75
PP-2025-000670,7578.0,12,0.2255,207.4,723,no_desembolsado,no_desembolsado,0.0724,0.2288,1989.96
PP-2025-000671,29436.0,24,0.1776,854.84,704,no_desembolsado,no_desembolsado,0.0762,0.1795,1480.49
PP-2025-000672,26688.0,36,0.1772,666.67,855,no_desembolsado,no_desembolsado,0.0698,0.1892,1406.76
PP-2025-000673,6256.0,36,0.2988,156.93,619,desembolsado,pagado,0.0673,0.2966,3411.71
PP-2025-000674,17178.0,36,0.1756,233.08,757,desembolsado,pagado,0.0648,0.1891,5957.94
PP-2025-000675,8056.0,24,0.3298,172.97,544,desembolsado,pagado,0.0722,0.3269,6435.21
PP-2025-000676,5318.0,12,0.2325,71.97,708,desembolsado,pagado,0.0653,0.2275,4261.67
PP-2025-000677,24827.0,24,0.2747,367.67,562,no_desembolsado,no_desembolsado,0.0703,0.2858,5607.28
PP-2025-000678,20695.0,48,0.3127,282.4,627,desembolsado,pagado,0.0719,0.3067,2831.16
PP-2025-000679,6173.0,48,0.1992,155.25,650,desembolsado,pagado,0.0653,0.1952,3050.45
PP-2025-000680,5025.0,24,0.2251,163.57,660,desembolsado,pagado,0.0742,0.2448,1973.16
PP-2025-000681,47678.0,24,0.2325,527.82,644,no_desembolsado,no_desembolsado,0.0679,0.2468,4215.09
PP-2025-000682,43416.0,12,0.2133,1161.8,742,no_desembolsado,no_desembolsado,0.0725,0.2189,2597.68
PP-2025-000683,8472.0,36,0.2019,145.63,736,desembolsado,pagado,0.0728,0.2157,5354.02
PP-2025-000684,6783.0,36,0.2249,149.06,716,no_desembolsado,no_desembolsado,0.0725,0.2322,3097.03
PP-2025-000685,8474.0,36,0.1632,148.4,687,desembolsado,pagado,0.0761,0.1737,3600.44
PP-2025-000686,26061.0,24,0.1625,421.19,750,no_desembolsado,no_desembolsado,0.0677,0.1602,1583.4
PP-2025-000687,10810.0,12,0.3097,250.27,501,no_desembolsado,no_desembolsado,0.0685,0.3182,2079.63
PP-2025-000688,13947.0,24,0.2402,342.14,627,no_desembolsado,no_desembolsado,0.0725,0.2316,1530.3
PP-2025-000689,13573.0,36,0.2134,205.05,735,desembolsado,pagado,0.0738,0.2216,2103.52
PP-2025-000690,25293.0,24,0.1693,360.52,744,desembolsado,default,0.0678,0.1795,2648.73
PP-2025-000691,10652.0,12,0.2744,138.24,542,no_desembolsado,no_desembolsado,0.0697,0.2779,2152.21
PP-2025-000692,18286.0,24,0.2283,443.49,691,no_desembolsado,no_desembolsado,0.0772,0.2356,1200.0
PP-2025-000693,32174.0,12,0.3631,753.19,511,no_desembolsado,no_desembolsado,0.0641,0.3695,3115.75
PP-2025-000694,14010.0,48,0.2063,434.1,662,desembolsado,pagado,0.0689,0.2086,2711.07
PP-2025-000695,14456.0,24,0.1768,193.04,714,no_desembolsado,no_desembolsado,0.0723,0.1843,1573.26
PP-2025-000696,47429.0,12,0.2437,1282.62,608,no_desembolsado,no_desembolsado,0.0703,0.2518,1873.54
PP-2025-000697,6732.0,24,0.2677,152.6,638,no_desembolsado,no_desembolsado,0.0701,0.2809,2159.44
PP-2025-000698,17792.0,36,0.239,539.74,692,no_desembolsado,no_desembolsado,0.068,0.2441,3328.22
PP-2025-000699,8624.0,36,0.2591,243.75,596,desembolsado,default,0.0663,0.2605,2200.12
PP-2025-000700,20025.0,24,0.2847,289.56,595,desembolsado,default,0.0705,0.287,2069.5
PP-2025-000701,9983.0,12,0.2033,199.79,703,desembolsado,pagado,0.0738,0.2179,7094.61
PP-2025-000702,36469.0,24,0.1437,711.03,811,no_desembolsado,no_desembolsado,0.0697,0.1539,3975.51
PP-2025-000703,27854.0,48,0.2071,788.54,672,no_desembolsado,no_desembolsado,0.068,0.2324,2337.86
PP-2025-000704,31757.0,24,0.1697,888.96,727,no_desembolsado,no_desembolsado,0.0715,0.1927,7722.62
PP-2025-000705,12672.0,24,0.1792,234.99,772,no_desembolsado,no_desembolsado,0.0783,0.1717,4266.68
PP-2025-000706,46983.0,12,0.2921,1068.37,614,no_desembolsado,no_desembolsado,0.0736,0.3191,4671.81
PP-2025-000707,12494.0,12,0.1852,227.79,688,desembolsado,pagado,0.0719,0.194,8139.82
PP-2025-000708,7788.0,48,0.12,220.61,832,desembolsado,pagado,0.0703,0.1456,2347.53
PP-2025-000709,17974.0,24,0.1867,550.75,716,no_desembolsado,no_desembolsado,0.0694,0.1862,2054.44
PP-2025-000710,6065.0,12,0.1913,115.06,850,desembolsado,pagado,0.0642,0.1851,1787.97
PP-2025-000711,12812.0,12,0.2285,302.51,602,desembolsado,pagado,0.0655,0.2334,4242.42
PP-2025-000712,48773.0,24,0.2892,940.56,590,desembolsado,pagado,0.0737,0.2951,7106.74
PP-2025-000713,16199.0,36,0.2225,467.65,675,no_desembolsado,no_desembolsado,0.0827,0.2142,8740.78
PP-2025-000714,22193.0,12,0.2025,446.33,655,no_desembolsado,no_desembolsado,0.0697,0.1988,2720.64
PP-2025-000715,10391.0,24,0.1798,164.69,660,no_desembolsado,no_desembolsado,0.0758,0.1675,6999.27
PP-2025-000716,9627.0,36,0.3237,272.07,562,no_desembolsado,no_desembolsado,0.0701,0.3285,1302.88
PP-2025-000717,28572.0,12,0.2289,759.15,701,desembolsado,pagado,0.074,0.2333,10336.22
PP-2025-000718,6671.0,24,0.1823,170.9,667,no_desembolsado,no_desembolsado,0.0671,0.1767,8080.43
PP-2025-000719,7166.0,24,0.2127,115.77,734,no_desembolsado,no_desembolsado,0.0663,0.2317,2361.37
PP-2025-000720,40585.0,12,0.1846,594.76,753,no_desembolsado,no_desembolsado,0.0792,0.1919,6431.54
PP-2025-000721,29380.0,12,0.2037,454.76,651,no_desembolsado,no_desembolsado,0.0653,0.2024,3152.34
PP-2025-000722,6074.0,36,0.3509,83.2,550,desembolsado,pagado,0.0654,0.3538,2498.23
PP-2025-000723,13114.0,24,0.2729,250.66,577,desembolsado,default,0.0749,0.282,2476.63
PP-2025-000724,48637.0,24,0.276,1412.36,617,no_desembolsado,no_desembolsado,0.0657,0.2763,2443.46
PP-2025-000725,18686.0,12,0.2312,465.13,737,no_desembolsado,no_desembolsado,0.069,0.2411,3414.59
PP-2025-000726,10571.0,24,0.1453,249.57,760,desembolsado,pagado,0.075,0.1585,3231.58
PP-2025-000727,13515.0,24,0.2493,269.35,672,no_desembolsado,no_desembolsado,0.0754,0.2399,3945.79
PP-2025-000728,17119.0,12,0.307,198.4,567,no_desembolsado,no_desembolsado,0.0692,0.311,4797.45
PP-2025-000729,13398.0,24,0.1498,313.3,713,no_desembolsado,no_desembolsado,0.0772,0.1679,4499.83
PP-2025-000730,5042.0,24,0.2693,66.55,568,no_desembolsado,no_desembolsado,0.0701,0.2887,4198.32
PP-2025-000731,10208.0,12,0.2281,143.39,626,no_desembolsado,no_desembolsado,0.0728,0.2303,2338.98
PP-2025-000732,14546.0,36,0.1893,370.61,761,desembolsado,pagado,0.063,0.1787,3418.93
PP-2025-000733,9598.0,24,0.1323,116.76,779,desembolsado,pagado,0.0648,0.1457,7324.16
PP-2025-000734,13575.0,48,0.1873,401.76,737,desembolsado,pagado,0.0729,0.1835,7464.99
PP-2025-000735,19155.0,24,0.2924,337.78,598,no_desembolsado,no_desembolsado,0.0719,0.2952,3528.7
PP-2025-000736,24454.0,12,0.1602,450.25,779,no_desembolsado,no_desembolsado,0.0719,0.1756,3558.16
PP-2025-000737,9578.0,36,0.1826,249.46,725,no_desembolsado,no_desembolsado,0.07,0.1891,5897.65
PP-2025-000738,11525.0,36,0.1746,165.36,704,desembolsado,pagado,0.072,0.1726,3279.15
PP-2025-000739,12055.0,12,0.2058,341.39,675,no_desembolsado,no_desembolsado,0.066,0.2163,3882.67
PP-2025-000740,8747.0,12,0.149,106.89,795,desembolsado,pagado,0.0698,0.1475,4850.72
PP-2025-000741,5435.0,36,0.1786,111.28,730,no_desembolsado,no_desembolsado,0.0701,0.2011,3046.6
PP-2025-000742,6807.0,24,0.1907,200.6,865,desembolsado,pagado,0.0668,0.199,6355.99
PP-2025-000743,8231.0,24,0.3017,156.61,597,no_desembolsado,no_desembolsado,0.0724,0.3137,1937.02
PP-2025-000744,21578.0,24,0.2475,555.29,724,desembolsado,default,0.0739,0.2542,1667.28
PP-2025-000745,8388.0,12,0.2002,143.09,677,desembolsado,pagado,0.0666,0.1987,4750.11
PP-2025-000746,22198.0,12,0.232,458.61,722,desembolsado,default,0.0781,0.2478,7538.34
PP-2025-000747,21395.0,48,0.2733,278.85,554,no_desembolsado,no_desembolsado,0.0729,0.2814,5155.31
PP-2025-000748,16374.0,24,0.1583,378.19,833,desembolsado,pagado,0.0688,0.1613,1901.87
PP-2025-000749,5159.0,36,0.1939,160.46,695,desembolsado,pagado,0.0662,0.2006,5067.05
PP-2025-000750,41784.0,24,0.2227,661.86,715,no_desembolsado,no_desembolsado,0.0674,0.2318,1458.29
PP-2025-000751,15405.0,36,0.2692,235.78,612,no_desembolsado,no_desembolsado,0.0641,0.2707,1402.52
PP-2025-000752,11156.0,24,0.2645,311.28,732,no_desembolsado,no_desembolsado,0.0778,0.2543,2113.61
PP-2025-000753,6554.0,24,0.2756,160.56,577,desembolsado,pagado,0.0665,0.2775,2278.8
PP-2025-000754,10469.0,12,0.2623,281.51,600,no_desembolsado,no_desembolsado,0.0718,0.2446,3385.73
PP-2025-000755,10317.0,24,0.2388,191.94,700,desembolsado,pagado,0.0717,0.2331,2183.74
PP-2025-000756,23861.0,24,0.2786,369.38,586,desembolsado,pagado,0.0785,0.2856,3157.4
PP-2025-000757,24197.0,24,0.1739,451.61,662,desembolsado,pagado,0.0691,0.1948,2142.2
PP-2025-000758,16964.0,24,0.1908,321.71,787,desembolsado,pagado,0.0639,0.1861,3824.05
PP-2025-000759,31157.0,12,0.2496,525.68,669,no_desembolsado,no_desembolsado,0.0701,0.2569,2100.95
PP-2025-000760,18481.0,24,0.1808,457.01,665,no_desembolsado,no_desembolsado,0.0708,0.1823,2206.46
PP-2025-000761,15728.0,48,0.1976,196.16,740,no_desembolsado,no_desembolsado,0.0649,0.2038,1898.0
PP-2025-000762,10066.0,36,0.2152,218.05,672,no_desembolsado,no_desembolsado,0.0725,0.2161,5607.56
PP-2025-000763,8345.0,36,0.1967,126.41,770,desembolsado,pagado,0.0719,0.1956,4133.1
PP-2025-000764,10022.0,24,0.341,213.49,495,no_desembolsado,no_desembolsado,0.0714,0.3572,2382.79
PP-2025-000765,10518.0,12,0.1761,140.98,700,no_desembolsado,no_desembolsado,0.0739,0.1736,6031.64
PP-2025-000766,11569.0,12,0.2541,306.53,725,no_desembolsado,no_desembolsado,0.0702,0.2547,4418.36
PP-2025-000767,19465.0,12,0.2494,222.35,722,no_desembolsado,no_desembolsado,0.0834,0.2493,3675.56
PP-2025-000768,26466.0,24,0.2806,491.5,597,no_desembolsado,no_desembolsado,0.0642,0.2887,1515.31
PP-2025-000769,14815.0,12,0.1835,200.2,658,no_desembolsado,no_desembolsado,0.0711,0.1964,5606.44
PP-2025-000770,8085.0,48,0.2061,130.01,603,no_desembolsado,no_desembolsado,0.073,0.2186,11410.03
PP-2025-000771,13740.0,12,0.2536,348.07,647,no_desembolsado,no_desembolsado,0.0727,0.2601,3997.74
PP-2025-000772,11029.0,24,0.1978,248.6,671,desembolsado,pagado,0.065,0.1918,3824.54
PP-2025-000773,26837.0,24,0.1362,811.49,790,desembolsado,pagado,0.0709,0.1468,5783.93
PP-2025-000774,9266.0,36,0.2845,218.26,633,no_desembolsado,no_desembolsado,0.0734,0.2886,5747.93
PP-2025-000775,19830.0,24,0.2893,493.48,637,desembolsado,pagado,0.0712,0.2794,3353.35
PP-2025-000776,13444.0,24,0.3147,186.28,524,no_desembolsado,no_desembolsado,0.0718,0.3116,2976.4
PP-2025-000777,24450.0,48,0.1664,409.0,747,desembolsado,pagado,0.0632,0.1761,5154.57
PP-2025-000778,47497.0,48,0.2408,507.18,727,no_desembolsado,no_desembolsado,0.0687,0.2595,1200.0
PP-2025-000779,6176.0,12,0.1937,169.65,671,desembolsado,pagado,0.0699,0.2015,5529.36
PP-2025-000780,21650.0,24,0.2733,522.63,725,no_desembolsado,no_desembolsado,0.0639,0.2585,4655.01
PP-2025-000781,16950.0,12,0.2468,446.61,619,no_desembolsado,no_desembolsado,0.0621,0.2384,2706.15
PP-2025-000782,6935.0,48,0.2054,171.6,668,desembolsado,pagado,0.0661,0.2192,3649.28
PP-2025-000783,34352.0,12,0.2461,758.79,620,no_desembolsado,no_desembolsado,0.0712,0.2605,4570.82
PP-2025-000784,12140.0,24,0.2256,371.31,689,no_desembolsado,no_desembolsado,0.063,0.2352,5082.68
PP-2025-000785,19903.0,24,0.2128,417.91,698,no_desembolsado,no_desembolsado,0.0793,0.2292,2141.95
PP-2025-000786,11938.0,12,0.1818,364.47,799,desembolsado,pagado,0.0682,0.1826,3567.27
PP-2025-000787,29561.0,36,0.2577,472.44,710,desembolsado,default,0.0636,0.243,5245.75
PP-2025-000788,10638.0,24,0.225,149.34,698,desembolsado,pagado,0.0675,0.2202,3189.58
PP-2025-000789,7456.0,24,0.1304,238.56,783,desembolsado,pagado,0.0746,0.1562,5210.64
PP-2025-000790,27368.0,24,0.2117,691.07,664,desembolsado,pagado,0.0642,0.2191,3699.36
PP-2025-000791,38404.0,24,0.1858,429.48,658,no_desembolsado,no_desembolsado,0.0658,0.207,5755.81
PP-2025-000792,43732.0,24,0.1676,563.24,783,no_desembolsado,no_desembolsado,0.0726,0.182,2141.57
PP-2025-000793,46268.0,12,0.1799,1061.41,783,desembolsado,pagado,0.0689,0.1909,9063.01
PP-2025-000794,13949.0,48,0.2497,225.04,647,desembolsado,pagado,0.0751,0.2511,4041.7
PP-2025-000795,24411.0,36,0.1688,265.44,703,no_desembolsado,no_desembolsado,0.078,0.1714,3106.3
PP-2025-000796,13496.0,12,0.1971,397.77,677,no_desembolsado,no_desembolsado,0.0681,0.203,1620.95
PP-2025-000797,7105.0,48,0.1375,139.14,750,desembolsado,pagado,0.0695,0.1528,2250.33
PP-2025-000798,9640.0,12,0.1998,285.18,662,desembolsado,pagado,0.0688,0.2109,3168.53
PP-2025-000799,15378.0,12,0.1876,265.2,735,no_desembolsado,no_desembolsado,0.0728,0.1913,1992.09
PP-2025-000800,14748.0,36,0.2291,452.39,645,desembolsado,pagado,0.074,0.2372,10088.91
PP-2025-000801,22242.0,24,0.2188,256.7,715,no_desembolsado,no_desembolsado,0.0638,0.2303,5490.28
PP-2025-000802,9086.0,24,0.2508,242.6,606,desembolsado,pagado,0.0706,0.2371,5303.29
PP-2025-000803,6760.0,12,0.2643,150.32,645,no_desembolsado,no_desembolsado,0.0653,0.2703,1664.08
PP-2025-000804,7365.0,24,0.1827,218.31,771,desembolsado,pagado,0.0669,0.1828,3987.87
PP-2025-000805,14242.0,48,0.1536,160.68,800,desembolsado,pagado,0.0718,0.1627,1806.67
PP-2025-000806,18551.0,24,0.2066,386.3,678,no_desembolsado,no_desembolsado,0.0701,0.1969,4590.15
PP-2025-000807,14316.0,36,0.1924,396.66,745,desembolsado,pagado,0.0706,0.2007,1882.12
PP-2025-000808,6504.0,12,0.1951,87.94,737,no_desembolsado,no_desembolsado,0.0747,0.1988,3559.66
PP-2025-000809,7685.0,12,0.1785,236.27,682,no_desembolsado,no_desembolsado,0.0644,0.1855,7025.14
PP-2025-000810,30835.0,36,0.2477,718.41,674,no_desembolsado,no_desembolsado,0.0761,0.2331,4457.0
PP-2025-000811,28173.0,36,0.2075,331.88,712,desembolsado,pagado,0.0696,0.2123,6757.41
PP-2025-000812,14645.0,24,0.2748,235.78,629,desembolsado,pagado,0.0703,0.2855,3771.74
PP-2025-000813,25267.0,36,0.2356,529.21,663,desembolsado,pagado,0.069,0.2451,3741.87
PP-2025-000814,13537.0,12,0.3073,343.63,593,desembolsado,pagado,0.0737,0.3063,2632.0
PP-2025-000815,6733.0,36,0.2237,108.08,720,no_desembolsado,no_desembolsado,0.0764,0.2521,2817.58
PP-2025-000816,37817.0,24,0.3297,1114.17,516,no_desembolsado,no_desembolsado,0.0775,0.3202,2073.62
PP-2025-000817,7187.0,12,0.2449,140.8,695,no_desembolsado,no_desembolsado,0.0781,0.2482,3427.82
PP-2025-000818,28262.0,48,0.3364,859.93,558,no_desembolsado,no_desembolsado,0.0719,0.3414,3128.11
PP-2025-000819,12857.0,24,0.238,238.8,620,desembolsado,default,0.0698,0.2365,2743.2
PP-2025-000820,9565.0,24,0.1527,186.85,728,desembolsado,pagado,0.072,0.1802,5937.89
PP-2025-000821,6155.0,24,0.1781,178.98,654,no_desembolsado,no_desembolsado,0.0692,0.1917,4403.42
PP-2025-000822,7097.0,48,0.1386,176.1,823,desembolsado,pagado,0.0707,0.1405,3848.28
PP-2025-000823,10618.0,36,0.2503,231.15,698,desembolsado,pagado,0.0616,0.2561,2359.21
PP-2025-000824,24307.0,12,0.2273,740.28,732,no_desembolsado,no_desembolsado,0.0744,0.239,2842.7
PP-2025-000825,14760.0,24,0.173,425.37,757,desembolsado,pagado,0.069,0.1779,2469.64
PP-2025-000826,12678.0,12,0.3071,316.3,523,desembolsado,pagado,0.068,0.3168,7907.7
PP-2025-000827,29793.0,12,0.1437,363.9,753,no_desembolsado,no_desembolsado,0.0699,0.1561,1200.0
PP-2025-000828,5711.0,12,0.1715,99.79,773,desembolsado,pagado,0.0712,0.1828,2566.1
PP-2025-000829,22586.0,36,0.2551,479.54,671,desembolsado,pagado,0.0779,0.2605,2416.59
PP-2025-000830,6446.0,24,0.2284,180.78,647,no_desembolsado,no_desembolsado,0.0685,0.2323,6440.38
PP-2025-000831,7420.0,48,0.2431,104.67,690,no_desembolsado,no_desembolsado,0.0712,0.2382,2846.59
PP-2025-000832,8531.0,12,0.2078,237.03,709,desembolsado,pagado,0.0719,0.1975,1821.4
PP-2025-000833,22967.0,24,0.1931,665.79,692,no_desembolsado,no_desembolsado,0.0773,0.2101,1821.12
PP-2025-000834,5051.0,48,0.27,67.3,636,desembolsado,pagado,0.0691,0.2829,2041.4
PP-2025-000835,10059.0,36,0.1379,231.61,784,desembolsado,default,0.067,0.1477,3824.31
PP-2025-000836,6282.0,24,0.2479,163.45,703,desembolsado,pagado,0.0719,0.2547,3557.23
PP-2025-000837,9270.0,36,0.1473,121.79,784,no_desembolsado,no_desembolsado,0.0696,0.1558,2619.89
PP-2025-000838,14674.0,12,0.2832,371.86,614,no_desembolsado,no_desembolsado,0.0695,0.2969,4869.74
PP-2025-000839,21313.0,36,0.2054,293.9,703,no_desembolsado,no_desembolsado,0.0694,0.1919,3449.98
PP-2025-000840,14021.0,12,0.178,238.37,766,no_desembolsado,no_desembolsado,0.0706,0.1845,1326.13
PP-2025-000841,23440.0,12,0.3376,416.69,564,no_desembolsado,no_desembolsado,0.0604,0.3373,3750.38
PP-2025-000842,37387.0,24,0.27,928.98,478,no_desembolsado,no_desembolsado,0.071,0.2839,7358.7
PP-2025-000843,17761.0,24,0.2318,496.42,676,desembolsado,default,0.0736,0.2499,2873.58
PP-2025-000844,41868.0,24,0.2652,822.87,540,desembolsado,pagado,0.0715,0.2753,18125.41
PP-2025-000845,12196.0,24,0.3169,312.63,507,no_desembolsado,no_desembolsado,0.0633,0.321,1200.0
PP-2025-000846,30459.0,12,0.2367,320.87,653,desembolsado,pagado,0.0686,0.2453,4743.52
PP-2025-000847,17609.0,36,0.2811,483.65,619,desembolsado,pagado,0.0678,0.2886,9420.43
PP-2025-000848,12169.0,12,0.245,292.79,604,no_desembolsado,no_desembolsado,0.0689,0.2466,2740.42
PP-2025-000849,8330.0,36,0.2717,205.38,725,desembolsado,pagado,0.0644,0.2552,3714.59
PP-2025-000850,14415.0,48,0.2173,255.73,741,desembolsado,pagado,0.0773,0.2274,2502.74
PP-2025-000851,23470.0,36,0.2209,455.32,657,desembolsado,pagado,0.0672,0.2349,7139.44
PP-2025-000852,20309.0,24,0.2082,531.47,746,desembolsado,pagado,0.0698,0.226,4168.8
PP-2025-000853,10848.0,36,0.2467,333.23,679,desembolsado,pagado,0.0665,0.2587,2853.07
PP-2025-000854,10643.0,12,0.1796,253.24,764,desembolsado,pagado,0.0758,0.1972,5912.3
PP-2025-000855,11594.0,24,0.1356,298.82,812,desembolsado,pagado,0.0752,0.1457,3879.72
PP-2025-000856,6102.0,24,0.2128,102.71,689,desembolsado,pagado,0.0652,0.2317,6650.1
PP-2025-000857,27874.0,24,0.2445,672.68,639,desembolsado,pagado,0.0725,0.2534,4423.14
PP-2025-000858,30336.0,36,0.1998,628.33,668,no_desembolsado,no_desembolsado,0.0713,0.2038,5762.58
PP-2025-000859,12284.0,12,0.2566,193.96,588,no_desembolsado,no_desembolsado,0.0719,0.2551,7908.54
PP-2025-000860,32773.0,36,0.2633,614.58,615,no_desembolsado,no_desembolsado,0.0738,0.2632,2592.07
PP-2025-000861,13947.0,24,0.2504,318.7,662,desembolsado,pagado,0.0706,0.2313,3509.51
PP-2025-000862,8097.0,36,0.2135,232.01,604,no_desembolsado,no_desembolsado,0.0691,0.2295,3637.09
PP-2025-000863,12124.0,48,0.1657,265.05,665,no_desembolsado,no_desembolsado,0.0728,0.1761,3144.55
PP-2025-000864,10504.0,12,0.209,240.02,670,no_desembolsado,no_desembolsado,0.0738,0.2076,1754.83
PP-2025-000865,16382.0,12,0.1303,264.88,900,desembolsado,pagado,0.0613,0.1723,2770.12
PP-2025-000866,29654.0,36,0.2198,443.23,655,desembolsado,default,0.0739,0.2224,5030.85
PP-2025-000867,28048.0,24,0.1925,756.33,700,no_desembolsado,no_desembolsado,0.0718,0.1745,4448.79
PP-2025-000868,13279.0,24,0.186,402.11,714,no_desembolsado,no_desembolsado,0.0688,0.2038,6131.15
PP-2025-000869,14108.0,12,0.2262,272.97,741,desembolsado,pagado,0.0662,0.2352,7148.73
PP-2025-000870,5543.0,24,0.2002,168.81,707,desembolsado,pagado,0.0739,0.2251,4531.04
PP-2025-000871,7917.0,48,0.1872,251.23,737,desembolsado,pagado,0.0739,0.1827,4116.32
PP-2025-000872,11266.0,48,0.3126,191.13,483,desembolsado,default,0.0769,0.3239,2492.27
PP-2025-000873,27214.0,36,0.2331,551.96,609,desembolsado,pagado,0.0666,0.2386,2575.7
PP-2025-000874,20368.0,24,0.2626,539.58,586,no_desembolsado,no_desembolsado,0.0643,0.2637,3131.17
PP-2025-000875,5162.0,12,0.2713,119.43,570,desembolsado,pagado,0.06,0.2892,4908.83
PP-2025-000876,29324.0,24,0.2891,839.38,545,no_desembolsado,no_desembolsado,0.0661,0.3038,2030.98
PP-2025-000877,6961.0,48,0.2216,166.38,634,desembolsado,pagado,0.0731,0.2182,7000.47
PP-2025-000878,13801.0,12,0.2785,304.69,620,desembolsado,pagado,0.0715,0.2967,10706.28
PP-2025-000879,8146.0,12,0.3186,182.39,576,desembolsado,default,0.0736,0.3331,1573.55
PP-2025-000880,28969.0,24,0.1883,691.33,755,no_desembolsado,no_desembolsado,0.0716,0.1776,1200.0
PP-2025-000881,25174.0,24,0.2942,482.96,617,no_desembolsado,no_desembolsado,0.0711,0.2871,5528.31
PP-2025-000882,22034.0,12,0.1745,562.69,729,desembolsado,pagado,0.0654,0.197,3345.6
PP-2025-000883,11688.0,36,0.1753,186.19,658,desembolsado,pagado,0.0738,0.1861,4352.59
PP-2025-000884,21204.0,24,0.2869,310.78,554,desembolsado,pagado,0.075,0.2822,2426.47
PP-2025-000885,21750.0,48,0.1967,556.34,853,desembolsado,pagado,0.0671,0.199,3281.53
PP-2025-000886,8294.0,48,0.1876,231.68,658,desembolsado,pagado,0.06,0.1935,4896.63
PP-2025-000887,16608.0,12,0.1389,289.95,900,desembolsado,pagado,0.0739,0.1493,6959.97
PP-2025-000888,10548.0,48,0.2218,314.57,581,desembolsado,pagado,0.0748,0.2249,1866.21
PP-2025-000889,29326.0,12,0.2844,695.4,507,no_desembolsado,no_desembolsado,0.065,0.2801,4069.64
PP-2025-000890,5973.0,36,0.1804,110.72,817,no_desembolsado,no_desembolsado,0.068,0.1793,1848.34
PP-2025-000891,9075.0,12,0.1738,203.47,698,desembolsado,pagado,0.0646,0.1796,2941.81
PP-2025-000892,28449.0,24,0.1839,529.67,711,no_desembolsado,no_desembolsado,0.0662,0.1951,4014.13
PP-2025-000893,9676.0,12,0.2337,122.7,655,no_desembolsado,no_desembolsado,0.0678,0.237,4304.41
PP-2025-000894,14879.0,24,0.1879,337.16,778,desembolsado,pagado,0.0696,0.1992,2589.64
PP-2025-000895,18357.0,36,0.3172,456.89,625,no_desembolsado,no_desembolsado,0.0654,0.3089,2144.59
PP-2025-000896,6047.0,24,0.2775,179.49,627,no_desembolsado,no_desembolsado,0.0705,0.2856,2251.39
PP-2025-000897,22092.0,24,0.233,468.46,733,desembolsado,pagado,0.0663,0.2339,6680.61
PP-2025-000898,10590.0,24,0.3569,138.69,574,desembolsado,pagado,0.0688,0.3708,3657.28
PP-2025-000899,9158.0,24,0.1864,191.14,738,desembolsado,pagado,0.0787,0.1765,4597.41
PP-2025-000900,10231.0,12,0.1563,238.3,704,desembolsado,pagado,0.0685,0.176,9097.64
PP-2025-000901,16002.0,24,0.2476,206.5,600,no_desembolsado,no_desembolsado,0.0688,0.2391,5935.29
PP-2025-000902,8119.0,36,0.2503,146.32,589,no_desembolsado,no_desembolsado,0.0687,0.2688,4623.02
PP-2025-000903,20723.0,36,0.2496,537.28,668,desembolsado,pagado,0.0757,0.2446,5780.66
PP-2025-000904,11418.0,24,0.226,158.6,727,desembolsado,pagado,0.0717,0.238,8471.9
PP-2025-000905,5568.0,36,0.3264,112.05,573,no_desembolsado,no_desembolsado,0.0671,0.3301,1393.84
PP-2025-000906,11870.0,24,0.2393,275.29,679,no_desembolsado,no_desembolsado,0.0703,0.2337,3419.06
PP-2025-000907,13135.0,12,0.2975,191.16,594,no_desembolsado,no_desembolsado,0.0722,0.3014,1832.81
PP-2025-000908,13373.0,36,0.2495,405.37,661,no_desembolsado,no_desembolsado,0.07,0.2559,4438.1
PP-2025-000909,14540.0,24,0.2691,309.81,638,no_desembolsado,no_desembolsado,0.07,0.2982,2764.12
PP-2025-000910,35265.0,24,0.1462,385.3,793,no_desembolsado,no_desembolsado,0.075,0.1557,2703.09
PP-2025-000911,8393.0,24,0.1594,189.98,776,no_desembolsado,no_desembolsado,0.0695,0.1529,2427.1
PP-2025-000912,9814.0,12,0.2875,203.92,648,desembolsado,pagado,0.0712,0.2903,2502.04
PP-2025-000913,24627.0,48,0.2901,580.98,620,no_desembolsado,no_desembolsado,0.0689,0.3064,1896.77
PP-2025-000914,10222.0,12,0.1649,126.2,715,desembolsado,default,0.0676,0.1765,2011.85
PP-2025-000915,13457.0,12,0.2369,228.99,633,no_desembolsado,no_desembolsado,0.0711,0.2313,2141.67
PP-2025-000916,9317.0,12,0.184,127.23,685,desembolsado,pagado,0.0705,0.1949,4007.44
PP-2025-000917,5447.0,12,0.2038,153.96,713,desembolsado,pagado,0.073,0.2169,2524.3
PP-2025-000918,22759.0,12,0.1824,414.98,900,desembolsado,pagado,0.0641,0.1712,9223.93
PP-2025-000919,46448.0,36,0.252,901.01,667,no_desembolsado,no_desembolsado,0.0724,0.2713,3095.78
PP-2025-000920,9856.0,24,0.1579,213.11,772,desembolsado,pagado,0.0686,0.1709,1297.46
PP-2025-000921,18048.0,12,0.2419,236.0,655,no_desembolsado,no_desembolsado,0.0614,0.2532,4315.69
PP-2025-000922,8365.0,12,0.1901,224.06,864,no_desembolsado,no_desembolsado,0.0694,0.1913,1681.09
PP-2025-000923,33329.0,48,0.2355,920.14,656,desembolsado,pagado,0.0728,0.2314,4312.48
PP-2025-000924,48220.0,12,0.1686,629.87,690,no_desembolsado,no_desembolsado,0.068,0.1783,4767.76
PP-2025-000925,8525.0,36,0.1835,234.76,661,desembolsado,pagado,0.0725,0.1897,2511.6
PP-2025-000926,6699.0,24,0.2625,189.29,605,desembolsado,pagado,0.0684,0.2654,9340.62
PP-2025-000927,37553.0,36,0.1939,645.2,704,no_desembolsado,no_desembolsado,0.0779,0.209,1852.75
PP-2025-000928,19575.0,36,0.2658,267.54,742,desembolsado,pagado,0.0603,0.2606,2855.02
PP-2025-000929,13398.0,24,0.2958,264.33,522,desembolsado,pagado,0.0725,0.3221,3988.74
PP-2025-000930,20881.0,12,0.3831,472.92,552,no_desembolsado,no_desembolsado,0.0629,0.3671,4111.18
PP-2025-000931,21450.0,48,0.1795,264.92,708,desembolsado,pagado,0.072,0.198,3106.83
PP-2025-000932,6971.0,48,0.2283,107.65,591,desembolsado,pagado,0.0675,0.2286,4392.62
PP-2025-000933,31456.0,12,0.295,685.89,546,no_desembolsado,no_desembolsado,0.0732,0.2878,1891.73
PP-2025-000934,6147.0,12,0.1662,121.46,812,desembolsado,pagado,0.0663,0.16,2840.62
PP-2025-000935,7433.0,24,0.1505,217.05,744,desembolsado,pagado,0.0757,0.1707,3295.29
PP-2025-000936,11761.0,36,0.1849,141.46,736,desembolsado,pagado,0.0763,0.1802,4650.16
PP-2025-000937,10427.0,12,0.2403,166.79,596,no_desembolsado,no_desembolsado,0.0709,0.2303,1310.02
PP-2025-000938,43706.0,36,0.2808,540.89,640,desembolsado,default,0.0694,0.2858,3412.72
PP-2025-000939,9143.0,36,0.1451,186.87,805,desembolsado,pagado,0.0674,0.1641,6552.15
PP-2025-000940,5330.0,24,0.2061,129.39,686,no_desembolsado,no_desembolsado,0.0652,0.206,4611.92
PP-2025-000941,28726.0,48,0.2858,755.72,637,desembolsado,default,0.0666,0.3011,5274.31
PP-2025-000942,11703.0,24,0.2302,143.78,616,no_desembolsado,no_desembolsado,0.0666,0.2398,9328.84
PP-2025-000943,6467.0,12,0.2634,119.58,499,no_desembolsado,no_desembolsado,0.0748,0.2811,2389.46
PP-2025-000944,17776.0,36,0.2186,508.85,683,no_desembolsado,no_desembolsado,0.0715,0.2222,1682.93
PP-2025-000945,5986.0,36,0.2326,161.14,710,desembolsado,pagado,0.0662,0.2541,3301.6
PP-2025-000946,19758.0,24,0.1787,265.72,728,desembolsado,pagado,0.0681,0.1783,12302.09
PP-2025-000947,11808.0,12,0.1824,140.61,846,desembolsado,pagado,0.077,0.1799,3845.25
PP-2025-000948,26033.0,12,0.2395,725.59,583,no_desembolsado,no_desembolsado,0.0794,0.2355,5038.49
PP-2025-000949,23451.0,24,0.182,271.19,737,no_desembolsado,no_desembolsado,0.0719,0.1817,3521.53
PP-2025-000950,10482.0,36,0.2164,143.04,639,desembolsado,pagado,0.0682,0.2294,5665.54
PP-2025-000951,17325.0,36,0.1967,361.55,697,desembolsado,pagado,0.0769,0.1727,6116.22
PP-2025-000952,13081.0,24,0.3067,372.83,616,desembolsado,pagado,0.0701,0.3137,4119.45
PP-2025-000953,21016.0,12,0.1786,575.25,704,no_desembolsado,no_desembolsado,0.0715,0.182,3380.49
PP-2025-000954,25998.0,48,0.2587,377.67,684,no_desembolsado,no_desembolsado,0.0706,0.2534,1867.32
PP-2025-000955,32205.0,12,0.1604,363.81,756,no_desembolsado,no_desembolsado,0.0701,0.1841,3150.57
PP-2025-000956,7257.0,36,0.3465,191.36,539,desembolsado,pagado,0.0725,0.3468,2383.12
PP-2025-000957,13351.0,36,0.1487,275.72,763,desembolsado,pagado,0.0698,0.1486,12519.07
PP-2025-000958,10539.0,48,0.2241,131.48,620,no_desembolsado,no_desembolsado,0.0707,0.2244,5687.21
PP-2025-000959,23331.0,12,0.2993,450.34,545,no_desembolsado,no_desembolsado,0.0646,0.3038,3402.78
PP-2025-000960,13990.0,48,0.2672,369.5,621,desembolsado,pagado,0.0725,0.2703,1706.5
PP-2025-000961,18047.0,36,0.2562,545.6,666,desembolsado,pagado,0.068,0.2469,2569.1
PP-2025-000962,10894.0,36,0.2076,133.71,727,desembolsado,pagado,0.0742,0.2036,3185.91
PP-2025-000963,6593.0,24,0.1831,123.9,714,desembolsado,pagado,0.0736,0.1847,4341.37
PP-2025-000964,44144.0,24,0.1694,1113.27,795,desembolsado,pagado,0.0672,0.1771,5939.21
PP-2025-000965,6503.0,24,0.2294,202.73,652,desembolsado,pagado,0.0677,0.2388,4691.77
PP-2025-000966,11095.0,24,0.2112,243.79,669,desembolsado,pagado,0.0727,0.2235,3320.27
PP-2025-000967,20735.0,36,0.2173,315.32,617,desembolsado,pagado,0.069,0.2178,2405.24
PP-2025-000968,8488.0,36,0.1464,191.39,815,desembolsado,default,0.0697,0.1644,3451.4
PP-2025-000969,8729.0,24,0.3002,227.88,635,desembolsado,pagado,0.0668,0.305,2391.44
PP-2025-000970,11708.0,36,0.3465,225.37,541,desembolsado,pagado,0.0747,0.3719,2316.47
PP-2025-000971,24024.0,12,0.262,578.03,546,no_desembolsado,no_desembolsado,0.0669,0.2684,4424.48
PP-2025-000972,5156.0,12,0.1883,87.35,686,desembolsado,pagado,0.0661,0.1829,1339.72
PP-2025-000973,13224.0,12,0.1774,353.57,759,desembolsado,pagado,0.0727,0.1904,3598.52
PP-2025-000974,10704.0,12,0.1547,133.44,758,no_desembolsado,no_desembolsado,0.0625,0.1527,2054.8
PP-2025-000975,28796.0,24,0.2742,777.54,610,no_desembolsado,no_desembolsado,0.068,0.2729,3695.24
PP-2025-000976,14389.0,24,0.2945,392.76,633,desembolsado,pagado,0.0687,0.3094,3307.63
PP-2025-000977,20226.0,24,0.2079,612.1,723,no_desembolsado,no_desembolsado,0.0697,0.2269,3847.9
PP-2025-000978,6237.0,12,0.1573,121.53,689,desembolsado,pagado,0.0741,0.1676,14009.27
PP-2025-000979,11524.0,36,0.2064,245.47,635,desembolsado,default,0.0691,0.229,7442.02
PP-2025-000980,13394.0,12,0.2071,367.52,702,no_desembolsado,no_desembolsado,0.0675,0.2137,2782.02
PP-2025-000981,5781.0,36,0.2304,86.07,636,desembolsado,pagado,0.0681,0.2436,4032.32
PP-2025-000982,14216.0,36,0.1739,427.07,797,desembolsado,pagado,0.0653,0.1957,2682.11
PP-2025-000983,11156.0,24,0.2736,290.72,648,no_desembolsado,no_desembolsado,0.0692,0.2736,2313.96
PP-2025-000984,6108.0,36,0.1857,151.2,734,desembolsado,pagado,0.0733,0.1882,2792.72
PP-2025-000985,12331.0,24,0.1794,143.07,796,desembolsado,pagado,0.067,0.1858,1963.23
PP-2025-000986,12296.0,48,0.1816,348.32,807,desembolsado,pagado,0.0676,0.2002,4809.15
PP-2025-000987,8637.0,36,0.1709,195.54,785,no_desembolsado,no_desembolsado,0.067,0.1794,1779.31
PP-2025-000988,6831.0,48,0.2455,90.0,702,desembolsado,pagado,0.0761,0.2396,2932.9
PP-2025-000989,21868.0,24,0.1606,480.55,776,desembolsado,pagado,0.0767,0.1768,7186.66
PP-2025-000990,14771.0,24,0.2884,348.27,611,no_desembolsado,no_desembolsado,0.0693,0.2866,5706.85
PP-2025-000991,7357.0,24,0.2263,131.35,667,no_desembolsado,no_desembolsado,0.0677,0.2358,4601.82
PP-2025-000992,19381.0,24,0.2234,391.46,668,no_desembolsado,no_desembolsado,0.0734,0.2339,2305.03
PP-2025-000993,12743.0,48,0.1697,317.67,770,desembolsado,pagado,0.0799,0.1721,2156.3
PP-2025-000994,12365.0,48,0.2795,378.86,576,no_desembolsado,no_desembolsado,0.0686,0.3008,2602.6
PP-2025-000995,16074.0,12,0.1865,178.77,783,desembolsado,pagado,0.0745,0.1919,2277.86
PP-2025-000996,10311.0,48,0.3544,216.88,573,desembolsado,pagado,0.0776,0.3697,6737.86
PP-2025-000997,14767.0,36,0.2937,179.67,640,desembolsado,pagado,0.0684,0.2891,3953.93
PP-2025-000998,14828.0,48,0.3057,282.9,588,desembolsado,default,0.0758,0.2913,2745.3
PP-2025-000999,21367.0,24,0.2038,296.5,731,no_desembolsado,no_desembolsado,0.0689,0.2046,6957.57
PP-2025-001000,5856.0,48,0.3067,95.73,622,desembolsado,pagado,0.0664,0.313,4313.91
